blockNumber,timestamp,txHash,patientGuid,clinicGuid,access,message
"18799","2025-11-14T09:22:39.000Z","0x436c820c45975ce80c71e4a1d4fe88873c957d1de5730ee2c3798c7ed2cfbcbc","0x9de8641df2355ad9c275095dd2c9a6e771af5c6c8e6904a0ca34764419a41263","42","false","bad"
"18799","2025-11-14T09:22:39.000Z","0x76a1e27d5ebcadf2af66464727249fab77ac2d7dbda711045ecd62a24c36a23c","0x25eb611d5e33c3edc9e988f2e612cbe8161db6ee8cc35679fc9b31603eba69b4","42","false","bad"
"18799","2025-11-14T09:22:39.000Z","0x83be988b65d3f668348d905b0ed7d6ea0c45ec4a62704e8c4da6fa42123c8556","0xec71c5f27b8187a03cf07f28494bbd5ff6d0b3ad08be0913ce5995b526052594","42","false","bad"
"18799","2025-11-14T09:22:39.000Z","0x42e9e0bb58e328045e119b49e6a5e4c2771e6ad8c0c84acc97cca1203a9cee78","0x072b4b82be7cec344f80e3ab0025da44d61a147cb8836b57a32b932ad00b3da2","42","false","bad"
"18799","2025-11-14T09:22:39.000Z","0x6550d176a1d5fbd20ccce5fb4bc1fd44fc77ed6b80926e9e1578dbace7e4252b","0x0a76c55fc574e3eb3612670eb8b13ec2c514c34a6918b0b169e90f4c52868de5","42","false","bad"
"18799","2025-11-14T09:22:39.000Z","0x56b452048a390d67de7493c7a0e1ef3ff314a350b2ea9bfc34a91a1128e4d277","0xbf787c1ddb897e8e5baa4dac1db1a48cfe5db57baf83f8bc92134642940fe8b5","42","false","bad"
"18799","2025-11-14T09:22:39.000Z","0xe1a7824dcb1b0d8cf577f482bcabbf1a9d2ee367ad2acac96535f02175d0de80","0x84d092484b26f65a3a08599741dd9ce838ab7126d6c4ff10ee09fcaa2c65aec1","42","false","bad"
"18799","2025-11-14T09:22:39.000Z","0xe4aa00d7b44cbb98de20d1102154dae2f2ebfe8bbbb1d463cdb0fdb4fb5201bd","0xdef846d98d943a0c8c2550d40949c52695b41ee96c599278d7545d7b77e20972","42","false","bad"
"18799","2025-11-14T09:22:39.000Z","0xcb48542b65047fc9cb7f16a62f15d59c800d1d2f978235e59f6743721c089f91","0xeb72dff4d81d75e5af91bac7354529b5d622b3ed3061e09f4c3904417ec8246b","42","false","bad"
"18799","2025-11-14T09:22:39.000Z","0x3c6251aa22cecacde1cf8e9c3f95dfa196d3fa03b99106d0c62642ef26cb2339","0x6acc3b8fa40106f88086626354dc05fa9b1aaac362458cd1107e5d0d44818b00","42","false","bad"
"18799","2025-11-14T09:22:39.000Z","0x3f6abcc2be6a3fb06cc242cb3939df88b9a2316bb1d91d1b4502ebdf81e1ad67","0x4b17b5510f640425fb7c3b97071cbebc4761146d83ed8ecef2238786a795bf8b","42","false","bad"
"18799","2025-11-14T09:22:39.000Z","0x683c3c6d816a44c1f2604d780d51445055b2aae8e3a795156c202d2435be30c8","0xc83f141eb7a080dabcfa0edafb3d219d4c6c238124548107a0e13545ecaf1a80","42","false","bad"
"18799","2025-11-14T09:22:39.000Z","0xe5b4a892f2d1436ed486b4c2393fcbf7d17e513bc091d348eb5aa54629971c78","0x5b3c96a5fdbb2b5d6c11cd43c3e20ecce29e2a6900e41679480413db3f6ed061","42","false","bad"
"18799","2025-11-14T09:22:39.000Z","0x80a66eedaed01663f8db0fbd73389d45ceafc5b52beb5092554aa2b86f8296ce","0x3c23912836fc93ae88a0adab7e5ee4904ffd3dc1b4474e68ebfcc6f782d695e2","42","false","bad"
"18799","2025-11-14T09:22:39.000Z","0x90ce9b76e6d529a274084fbacc8767fdfc067be9149db8021d56e3c5aa898509","0x8e4ea29dd0cf1a74b6f6ba4979faaa3faa74414738322a26e1c980f255fe1af6","42","false","bad"
"18799","2025-11-14T09:22:39.000Z","0xd16c0ce0f7e3311154078b93a074d4b0df0dba6fafa17a2eab9f08a151d2158e","0xa3257604fbebc7667f57440b4f72072b714ca1d18d333e91cbfb1d8cbc62e13e","42","false","bad"
"18799","2025-11-14T09:22:39.000Z","0xd0e5aedce40723b7efb025a2f5da8a8d99acbfab721557f808d083b2b37c3ec6","0x71372030190631fe71d5263aec2509d5942bd5fee301aaebff36a84d458c558f","42","false","bad"
"18799","2025-11-14T09:22:39.000Z","0x04ebc0c45156d4d51e34e36e67b1119611794580e9f563f523eb8f271c3656bb","0xd8a34fd1b860e157d5c2f8611ea3b86bcbb808684bf33f201fcbd3ee09c4c32b","42","false","bad"
"18799","2025-11-14T09:22:39.000Z","0xc5b075d4a5ce89b1426dd46f11c58e95c395005e0db2c20d16c9a1ffb0db1415","0x14c19c17c9d436fb91a833427dbd47c77ea6dca010e7506d2c55128d97e4c753","42","false","bad"
"18799","2025-11-14T09:22:39.000Z","0x81488d6000d4a5e6d8a8c32c59018570edc4332d161f1a122e511bf137a92cf3","0x7392777cd1ea10fede34988e365f952a1961048d3d2209f2aa4cd66e169638a5","42","false","bad"
"18799","2025-11-14T09:22:39.000Z","0x810cda966566c4b024a7075f26086f774371c5b6495e1507a2dcdbb6980e2821","0x8399ded04aea993669d276e42fc03478eb37a202612844455f52854bd89410ed","42","false","bad"
"18799","2025-11-14T09:22:39.000Z","0x7f9b6fadc95b21b2fe720abc1e8a1300c1b03382b791e04fd08d81bfa911e71a","0x492f49047efa0824c5b7203bce1a8d4d1b10006dd2a2c451cb0f01a296bfc341","42","false","bad"
"18799","2025-11-14T09:22:39.000Z","0x600a8b1925c436d20a48955e16e24c7c223a4a383b6d15bb2613f95824a0dda2","0xd30e69aea91a14270720bbb15affb78035834be7bbc0b67e627c40a39640db73","42","false","bad"
"18799","2025-11-14T09:22:39.000Z","0x2be1bc773d63fd33b7f37e8eaec384de0dc1a1d4414572bb8bfd922d3e3dcf43","0xdf5fa18afe0df563b706c1c49c4f83228a2dc4c45f83021f25363d79fc08e471","42","false","bad"
"18799","2025-11-14T09:22:39.000Z","0x05f3369cb94587cfddfd16a2ea14d8373058f6436873ecf0e4d21020d457b340","0xeca328d43c2e1fc20688798fbfb5e16dd03d24b890e8254d984d23d6e9409205","42","false","bad"
"18799","2025-11-14T09:22:39.000Z","0x4d8d5682d52bf685db3f1543fd840b9a79b87c9a23976a5eea95eaa53d27adcd","0xdad77edb239ccbf55e069c16938571595c47ad0bda315d8309e9be212baed6ba","42","false","bad"
"18799","2025-11-14T09:22:39.000Z","0x505e83e759b0939c587578bec120ac4d5387c92c5eaa2fca56e0cd490b6b6f88","0xa2d9815ea30dfd60a088de10e322fb7ca21a870de14d8ae40c3e1e1358f4c581","42","false","bad"
"18799","2025-11-14T09:22:39.000Z","0x46528b042824b4fbc8303f4eff6a0710f3dc961fee72d0ecc251655541f53a41","0xac0ad426f91b753118a7c43fd3d0f3036106ec051e9428cd81e615853eee7145","42","false","bad"
"18799","2025-11-14T09:22:39.000Z","0x58f5d53585238e37334a2172620a1374bff82705a60b781f59cfe9e673992433","0xcfb7c359e230ad0d41db33fa01e01174cfc1fd1c8c6d7600392f9cd07b23e4d9","42","false","bad"
"18799","2025-11-14T09:22:39.000Z","0xa3863b7aea802f87a84f9c5ea49415102c4ea554bd146eb6bbaf4b49dc7167cc","0xd73314af336d6ad03e5a7ad5e5f9a83c8d99a65f8441227b0a49c8e4c18be12c","42","false","bad"
"18799","2025-11-14T09:22:39.000Z","0x3e6c9eb3a6f726345f974362a73fbe5f12d00e487ab1821e5e8a2feb6d8da5e2","0x0dea5abbcc09b6bd8e95d498a844bece4ab3e8f108c4ff8bad0cbc5f6cbd6421","42","false","bad"
"18799","2025-11-14T09:22:39.000Z","0xde43deb2aa9d208d408a6b743cb3567434b5efd9c168703c8a1ac4e57ee12c5f","0xbdfaf47f93a483f5a335df0090bb8d0959a0455b73093dd724dfdf463d42f0af","42","false","bad"
"18799","2025-11-14T09:22:39.000Z","0x5ea6c1aa027fcfd23a8a48010a77a5bb2d47a797fed1d7df6df43b8103b6d2ab","0x51814f3b8d8d67e79d7afbf03ecd7497f37e21e421d58d403cceba9a2248d21e","42","false","bad"
"18800","2025-11-14T09:22:41.000Z","0x76f5d8c05db12f1860b7f83cd29b52dc1fd157555bb8274e0c13b7659df8e72a","0x7c17c167e90899f7ec29f572d20d3f511db0723aae08a133292397d03cf64438","42","false","bad"
"18800","2025-11-14T09:22:41.000Z","0x532cc871ab3f6a3496ed6c1f4fd58d250783c6c9fe19adb129ff8332cf29e40e","0x1e267c47efc0e70acee24adf9209fe3ac500d76dfd76a2b8e76760615364b7ae","42","false","bad"
"18800","2025-11-14T09:22:41.000Z","0x6eae36c89b964de330b8ea74314969bfa8976463fbdd12c86fe5bcba863bb38a","0x90f0b741ecd3e3c5ec1335892c064a19b4386fc3324b1750ef9dde02b2a3e320","42","false","bad"
"18800","2025-11-14T09:22:41.000Z","0xebe43ba5829f0d43db7d8511443cf6c55f3de2f14a0d99c283bd515554d3b933","0x4936aab47e5f2e582bf54c8e6500f971755cd742323d0fa843d5e792ac23f031","42","false","bad"
"18800","2025-11-14T09:22:41.000Z","0x018d70631830e27dd12285f2e318e92878bbce80be528dfd778a1a6df6dfe06b","0xe335e14aaa2937199f6e5e7809f50025d1f99278464c3fbabaae630254ac98e1","42","false","bad"
"18800","2025-11-14T09:22:41.000Z","0x9da16c2dff04084c47d5872eead3f635fe5d829ecd0576fa885245572ae219fc","0x6d183c45b47cfd5c2cdc20452fbeb93512e7f3a07cce491c996e80ba267ef66f","42","false","bad"
"18800","2025-11-14T09:22:41.000Z","0x876ac14daec8938cf150c332738074441fccf25305931f019635502945e59dbd","0x3b0525f7e4648905ab9ba91acec2a4436adae59d6d3378faf9d28891910ea07f","42","false","bad"
"18800","2025-11-14T09:22:41.000Z","0x6ac545d20225d8b09793b19acc706d7c4e656c6a890345ba13e66ffd66097664","0x48f0d6e3ec1e44765610c245c70c8daacfaa81f886410d75464b65b23eda4cfc","42","false","bad"
"18800","2025-11-14T09:22:41.000Z","0x5f2eae8044e60bb5331d50dd0688bf233f37b95d4f6ac988fab6c0079902cec7","0xf074bd9788e0a84970421a3dea0b626b8749d7f3e256443d9587e7972465d51e","42","false","bad"
"18800","2025-11-14T09:22:41.000Z","0x709a9f92a8d0bef5fe2c067168f86c701d9848473019c8709c6bd34b50d519bd","0xae9fb71c17ae8fcec44cf850f31776de904796d3cfae277742f3e11a654849ed","42","false","bad"
"18800","2025-11-14T09:22:41.000Z","0x9fd9cd2c373666dbb6ef8ed0daa73933ef19f746326845f3f803c0a6bc9cbd77","0xe17a87050bd806ce29b62bea57f3052ecc4f6f2bddcf088e87d115dd0728299d","42","false","bad"
"18800","2025-11-14T09:22:41.000Z","0x5b194574d3ccea8b71b745b4ee345d79a619c23926266c6f64885bf4ee053241","0x8bd5f684b37041941899da84e5f7504e7b61bbf0be815cc34a3da9551ab56975","42","false","bad"
"18800","2025-11-14T09:22:41.000Z","0xab0919cb594a17713ecb7c40fe378a1d7ca89e1fc96cd85aa8bf58630c6b3a0c","0xbb6b5dc29be26ba84fb8a2f6efc21ddc8d256c45b039f4de4a6921258966a524","42","false","bad"
"18800","2025-11-14T09:22:41.000Z","0x6a52867792742ea0034f283fb39dc2039e19785735eb9efc326890ddbad1bdb6","0xabb8ebbd1509e52663f5ce3275fd8b61b9c96e1ba4ac5fc4c82da47be9b3b009","42","false","bad"
"18800","2025-11-14T09:22:41.000Z","0x300803bb14113e2ea344ef85f8bf0f08cc56dc2e9d0ef36527e7d14d1b169369","0xebf1559227ffb4293da0cc3c8812186a141e3a60baaef1d92c120b9e300e60a0","42","false","bad"
"18800","2025-11-14T09:22:41.000Z","0xd26dc63fc4c675c606d74e5451b12cad479aa5641a1fde82fb5a043c962d8b33","0x47b75a823df73a641964a5a97db4d99953c8fb6c31042a41ee401b0b82c43e92","42","false","bad"
"18800","2025-11-14T09:22:41.000Z","0x31037a32024293aa86dd1ba9d204f6f2e38c0d82c6200f5ccf89930c83c9d6e3","0xaf0a2bce740a8f8b9f3034c417d4c896d79ddf8c21147857cf71d82762bf33cc","42","false","bad"
"19833","2025-11-14T09:58:16.000Z","0xff97786fe0350858e0918e6bd94ef53601e482c1e1f12971fcdbab1b348fae47","0x8ebe5151d4443b2c02be164ca77e01d2b747dcaabbabdaf66f7be732caecef80","34","false","bad"
"19833","2025-11-14T09:58:16.000Z","0xaa427788aefd5d3edb05ec96b6241b82e8f4205b37b3c1b345cbe10ff23300f6","0xfd258b19962a026bc12b0d48df39c58d1712aed594b0468885ddb6b36d0a9dd8","21","false","bad"
"19833","2025-11-14T09:58:16.000Z","0x37f49c0c10eb7c18507ce1ee47e01f8b9ac8656e839aed0fe1d5c7a9980f5a52","0x0d61410a3f47a432a46663fc2957d12210f8e35cf0d5a1e7abbc6a3bdbe0f760","32","false","bad"
"19833","2025-11-14T09:58:16.000Z","0xd8463174655eec6745d95b13527a332f94c94266d95bd8bd54a43fde5f2d5e86","0x00838e5964f65ecbf9e4568ab58c6465700cb2d2eb53c4d6c05be25c690536f4","32","false","bad"
"19833","2025-11-14T09:58:16.000Z","0x6fec621e9af87db2f6421b1950fd12adfa70d39279cf5da40be200b085c4c3e8","0xe5748d01227058cfdfc690007989f1ccd8427d8c95fbe8a5095279f97cafd489","34","false","bad"
"19833","2025-11-14T09:58:16.000Z","0x14a1d7c0f498afb20e95ca712f844137fb1d753531e8c8aec4f55eeedfa953c9","0x85e03ce67e8f50b7438d873d6f55e083e5ad32b686d51771e0609ce25de183a3","23","false","bad"
"19833","2025-11-14T09:58:16.000Z","0x164b8a638565b311f506c9cb4c1920cfcebb3485168737734439295dd49614fe","0xa60336401973e67799547c0b4f15181962e92cb8192d47a0b1ed19ad983dfd31","31","false","bad"
"19833","2025-11-14T09:58:16.000Z","0x19608934f306f090e655fec8c45001df122fdedff89f0261034efd14df6445b3","0x1847cc856a2573d1cae75812f82dcf347cbbe27e17eba6ad1959b38cc938ac7f","15","false","bad"
"19833","2025-11-14T09:58:16.000Z","0xea220f227489f7786339c9d551476b5d67419dbf937736db0e4188bd787e5b33","0x9ff848554007e4cecc8fd558c7e7dfbdf7f2fc4d7e3e4d8208cebbaf36cf3f44","23","false","bad"
"19833","2025-11-14T09:58:16.000Z","0x0d6cdf164f32e3972e2562e36ed26140891b615e259f3ea533e0c0ce568875e4","0x0c9b444d9de19afcc79a22c4fd96f37bdc3e953eb2ee509cebeb1f8c29116a0f","4","false","bad"
"19833","2025-11-14T09:58:16.000Z","0xa3562d673dbac383cde39c71246fc42c9fecac2c437e7c23c1606cc5da25ac55","0xcb87d88f27c97838c4e85f7137dfbc04fd969c712484ff39fb0978f7972caa21","31","false","bad"
"19833","2025-11-14T09:58:16.000Z","0x4e2192cd39db93d5cbb41e5f05cf0cadfe1b6b58d62e23b9ef74f761b17557cb","0x71378a9d6f72b7dbf362bd848df59988ed0ec2c824c69227e95ac39b0a7450dd","30","false","bad"
"19833","2025-11-14T09:58:16.000Z","0xa2e56a2565bc037f4020954fe6e33a0fd0f6f6b7730f9b7722e4f6422bf99258","0x57508d40b3ef74db2b9340deedaff4a23dbe6f0829d7a43d1c8c5a276aa8c69c","40","false","bad"
"19833","2025-11-14T09:58:16.000Z","0xdb0d398a3bc47bcc84fdae012182ab4ec5ba636e67d33f86cfac185455fb262b","0xb3ceb9db55ae56c3ee30bb4de79b67a76f1466b0bb4b1c801128f9397f3739dd","9","false","bad"
"19833","2025-11-14T09:58:16.000Z","0xe1b722ea69f47110cf3f2480778d2431515d09f3d22fa070d2ceacaf2cf7b1cf","0xe9e0cc191a4a0e1715bbdaacd153af02607fc4498f9a20766bcfa0a017dedd19","21","false","bad"
"19833","2025-11-14T09:58:16.000Z","0x8fb0206aead46df7950fb83c278de112b81ca75ab1d4c9527cdd88c3e16b93dd","0xa22f83adb836abc545f15b06d95a73224adc005ea519bf4449c21b05753aa56e","29","false","bad"
"19833","2025-11-14T09:58:16.000Z","0x02278681a1ac126746d777634b4b200c4c4355f36bbe14e0ee1cf2dd6a775db0","0x68b4ea2cf1ed92c36f208ab4a75a285b8788688cc8f4d54106aaf0bdb3341e96","14","false","bad"
"19833","2025-11-14T09:58:16.000Z","0x10a1d9392785d7e05451d9f77cce908481c92de5707190d3e86760d8519b8707","0x19d17edfbaec3495a69bded10f3725c1a57fc291410211c2f834cac5ef106ced","27","false","bad"
"19833","2025-11-14T09:58:16.000Z","0xab9156b8b500bd9412305cee3cde0ce36c17b97bb4806d1ec06d34633ca0b1af","0xae77d2e6667dc9872fde3615df7e3c8e0c5c5f998c54857fd1f19a304d23976e","41","false","bad"
"19833","2025-11-14T09:58:16.000Z","0x3cfa6791ea5008f31546c290fba724e44f6897a651e07b7a6a824503e7b993f3","0x8fde686d9afabd4993f661f2137b48e74fea7f98150d9fcf0a373a431dd430af","11","false","bad"
"19833","2025-11-14T09:58:16.000Z","0x655a6b8a56451467292b1cc533ccb59ba22cc8b1361141065384f0bf340bb3bd","0xebe35c593b8414e7c9f3bfd245681b36580e0cd31158b324c4636d52d13a4f65","15","false","bad"
"19833","2025-11-14T09:58:16.000Z","0x7af904bd876d1077c3c392334367bb104c5e8c5ca03a80a9f03a2a9c8c68928c","0x1c79d207a53dcce281fe6d77e216025432e9429e5d9402c6c45f35f7d8d5219a","14","false","bad"
"19833","2025-11-14T09:58:16.000Z","0x2488cc1d337f446da0bb7f175585537acb630050094bbbbb8eef287fd1bdba25","0x3de71ade7cc654be64c4873d3b9908de820d3e0f1f9405ceac7e7ca77cec8662","22","false","bad"
"19833","2025-11-14T09:58:16.000Z","0x398a51241498bf6d4082e95546a14934645130f6a575ffb445bddedb7ee4b0f7","0x06a4211005cc0de253576c809853b4e5085344ba8fdc6e0cdacc24bf6859885f","17","false","bad"
"19833","2025-11-14T09:58:16.000Z","0x3ce7641ee19665dc6c6d8dfcda982632e9de7b437da42491253308adc1211a07","0xef1b45be93f1b1fdc67101604d37cbeaf569603faf82bd3ca97d683bc138f48c","18","false","bad"
"19833","2025-11-14T09:58:16.000Z","0x70631593c6d931ee6dab4d60d540526f2230d3fe6930bc0cf3c5ce62b9574836","0x6600689da437f99315bfe92e414be8815e24af92627e3b5a9d03d263c9743ef0","24","false","bad"
"19833","2025-11-14T09:58:16.000Z","0xb3d47bb68caa6c517c53b21c5f3444c8e9b13f692a51305aeac55fb8c15e6a87","0x7800d6bb67b9f57850665e3a16bccf22ad98c2d49ed92b294a924152eee9f6a6","40","false","bad"
"19833","2025-11-14T09:58:16.000Z","0xdd7021ec0571ce1884c15c1d63a26515f86db85349f63a1902a44537a5ca41aa","0x789d8217181ea3706817777089d519ad7573a77c246400f44502a08c25cddfa0","10","false","bad"
"19833","2025-11-14T09:58:16.000Z","0x1605898434b10c1478b8490a03d64e135bd26259de69df6c34e7e924f0a8360e","0x45607a3b517766b16f3d76aa9389f20ba48bcc354b26628c89911d42db1c27db","11","false","bad"
"19833","2025-11-14T09:58:16.000Z","0xf8db1cebed51a3ccc4dd42dc19a062c961059a62b79295c2f8ba50068f27b71c","0xba3b5a0c4aa6f192c6485bb1c85781f20d2e2e614cf777aaee0d1b48ba9e115c","31","false","bad"
"19833","2025-11-14T09:58:16.000Z","0xfea63396699bd1968bf652bbdfe4e6b3e942f1aec9ee34ee0a92c616aa48a313","0xb5791f6effbf82be560e63548071212c5497cc1b314e9fc2a957380ffbaff961","27","false","bad"
"19834","2025-11-14T09:58:18.000Z","0x2308f16ba401bb9e21c68c4e755e5f116cd746538d80a776ab6152f5d74aa318","0x0c3640302aafda64ae4ad36dbeb92808ee934ff2f5b8f7c83f348980b65e9886","38","false","bad"
"19834","2025-11-14T09:58:18.000Z","0x28c8f7776d3af86ab4e7a77a37741741a136e95fc537555dc95a8dfd812f09d5","0x2463b2dfb5888260067a4a4eb3b50eb27b7aed409dc525bae7dbc6370cf81c5a","25","false","bad"
"19834","2025-11-14T09:58:18.000Z","0x13cd3a947d1e94781919e17a6fedc99e585aa7b7a257d10b66f3988bfa83d3db","0x3d3f57379fe5ddc4690546a3ad08cef33d8317705a31fcef32f4e13094964b4c","41","false","bad"
"19834","2025-11-14T09:58:18.000Z","0x800314a3e9cf96a92982f90afc6b6f36e7132c635229187ab0d2fef4431cfd8d","0xc121d4ba36e8bdbac28376b912831a1d05db0566544e6c0fc4fb51d2c5917169","40","false","bad"
"19834","2025-11-14T09:58:18.000Z","0x436bc943fe39138b16189977d681edcedebbb23e8b94c477764e14d9ac9cd87b","0xf81f32b2a3f90680206eb2073841103bfdab4e104fb42ddeeb8c9485a8196714","13","false","bad"
"19834","2025-11-14T09:58:18.000Z","0x4540409dcee3cf4ae9f239d79f01b75eff7ebe27e17598987f660997a50a0383","0x5728e8434309ad57443de3b5ed52aabbb68681d98674c7004d51b339c882c5ca","13","false","bad"
"19834","2025-11-14T09:58:18.000Z","0x8320c2277351cae41282fa03a1436bbbe3ed9b7f8a7d2a5001205e5dfd80330a","0x8adab6c2fb1af870af63eee1a7d184440478f69cc83993e284e97d6e6d8b1029","10","false","bad"
"19834","2025-11-14T09:58:18.000Z","0x547cd9ce76416447477de257687d4a7aec72293c7ff5145138849a6b73b3871b","0x186124b40477c55632342e3ba4856754f85d3a885549dd5e41bb88a78a78a3fc","2","false","bad"
"19834","2025-11-14T09:58:18.000Z","0x69a74eb18663fd8f14db5d6329d2fba8a3dc2821a81e1f5eb624bfbe499f511b","0x115eacd5bba8039c2c071dba92b3c83bb45cec9df6a33597ae78d98b0ba3833a","9","false","bad"
"19834","2025-11-14T09:58:18.000Z","0x6412870fe8954dad962b62592c0831a2b82a17a776f68a77c6b49d6ce4af2140","0x41801f05ab1511798686276362ad9e8477c21657f759e9dea08cd79db466ddba","38","false","bad"
"19834","2025-11-14T09:58:18.000Z","0x40b2671de1a9269e9747d43457180abf7c6480dffa696afe960d8539329017f7","0xda0729050e29e0871b3b19d1f9f32c096d516e2d6a895b108a7e284deaf01528","27","false","bad"
"19834","2025-11-14T09:58:18.000Z","0xe79dbe8ae3ec4fd0d4743594da6705fc7805fe21ffe284ffc13d5492ee3e0df3","0x470a83d751a898520cbc8190651c95b28b03e72a16f6c5791a010e68085b4008","35","false","bad"
"19834","2025-11-14T09:58:18.000Z","0x50c41b3b7f1eef1a11f87fd14ebc6e240a9880dd235372b1e4e277329f251b4e","0x2b70eb707f1d0badfe82f24e7dd9d6d45cab56b68f5a66ec914b8457e265e89c","11","false","bad"
"19834","2025-11-14T09:58:18.000Z","0x54df40aa09e912ec19dfc22947018e2c8ac1e385ed68244f793dc0716cfd18b4","0x7ffcc808c37aef004313e6030149191b67603802937877645f0774cbbdeb9beb","8","false","bad"
"19834","2025-11-14T09:58:18.000Z","0x15745843f52e44e7004f5fab64ea8a55f24f1f80e20f8fb4d2285e6bbae5b597","0x4d0b3a7c1f658595a69db73b5a66f7a3cc6667920d8974e1f8cb43f28379e910","42","false","bad"
"19834","2025-11-14T09:58:18.000Z","0x9255d4b747b1d7cc37eb60c12827f851f9dd577a7dab33846c59a9d68d54ec33","0x35a1e8acb6cefeca5390838f9a96d130131ae1b4251fa55ed531bf7b44e9fd64","16","false","bad"
"19834","2025-11-14T09:58:18.000Z","0x46f33ae10632c9e575c79b3e5f6218c1cc1b6b05d04bac30fee57d4d789f7c6c","0xc0d8f4fcd548ea7122c3d6949cf9d95d9306bcb48a4f4987a61514a9916c7dc8","6","false","bad"
"19834","2025-11-14T09:58:18.000Z","0x1c8a5a11184c2e5995d723f62ef8bdcd4b3024a3595dade8d7368c258e7d1fc8","0xb1d77af555b64bc42e4daca22cdd0705f3a59f0583a7cb1c285ed6edeb6fadbe","16","false","bad"
"19834","2025-11-14T09:58:18.000Z","0x6e3d867abf2666ffe235db0da3a79b2968ef729310bdad643d631a191924dca5","0x48f734b40de8d2534e58d73bf878985b8c2318af08677b6595a25520594eb04b","27","false","bad"
"19834","2025-11-14T09:58:18.000Z","0xca2a9bd0330b69ede2d8234f3a2a774bd465dd35e087929ba684e482f07a543a","0x1281cfc1d39ff70b4516697e8c7180814638f7b72feb66002275683990fe3a72","32","false","bad"
"19834","2025-11-14T09:58:18.000Z","0x29488b3cb41fbd1d327dcdb541894d32e9b98b55a5beb23d823d4f043280fee1","0xb5fde79e60f0ab5875324d50ae3dd8c9bb002936aad86ba87ffa6134b0141a22","34","false","bad"
"19834","2025-11-14T09:58:18.000Z","0x1f274d90eeb370b6959c1cb39ff1b9bf86868a8fad8cc529c31e3c79cf51f579","0xe4c31f0898f512d7e819a2c4ac07b420442d496a5205f538a428fa35efd37355","26","false","bad"
"19834","2025-11-14T09:58:18.000Z","0xe4372b1c7c8411412bd011c4f4f11394a1305456bb0bf9883852e2989b79bd48","0xdc322154923bb93a93e015f8549851de8eb030d375635f6e6134a31819687653","18","false","bad"
"19834","2025-11-14T09:58:18.000Z","0xc1c4cd3ade052c0ca784859957c9b59a1c6a3f8c02cdea919d44de104e64f6fb","0x654ff0c657096866a46affc1cd3a6c68359999551b248faf376b6884f025f2d8","35","false","bad"
"19834","2025-11-14T09:58:18.000Z","0xdcbff449fe33eb04ebb653fc52a6b80020f44215b0b82b5137350ce4dbd459aa","0xe64f7cbad5453bcf6d46ccc1acb0aa17117409e34b35b8b0d0b901efa1e000cd","23","false","bad"
"19834","2025-11-14T09:58:18.000Z","0x05ab877d663a778dba796b0dae25d31de25f7b5ee7db2fa42f3951c78e2bbb09","0xf163b55590a218f52aa7ac6d4c338b7f5ce137ef1f5c6493f3fb8b1299e8bd57","23","false","bad"
"19834","2025-11-14T09:58:18.000Z","0xf5ed357f9b5c34d52456961bdaf74eb92ba86eeabf20d1aac50e68345aaecac7","0x3111e5009d1870ec13151d253e91e448fcaf7b56829bb50d1ebf8df16d84c78e","30","false","bad"
"19834","2025-11-14T09:58:18.000Z","0x27595494edc7fc5495755c8b5f4a031be3e8bb0c14bfc26432ecbaecfff9632f","0x9e38188bbda6c0698e3e51f732c0bbe16a565b49f483e83f27c11316a4a19864","16","false","bad"
"19834","2025-11-14T09:58:18.000Z","0xe0b20c72f0204e338aa2c93d3fff6ab2842a62844dc03f77bc0812b873ebd134","0x74dbfc8f991392a65004d9078aadafb681e3a1e90d44dc982249172b4ae3058d","10","false","bad"
"19834","2025-11-14T09:58:18.000Z","0x946e328faf70e4c49103a1bd1c36cbe51a9929bd7ff9b0e649e31d11682f5751","0x1ad86b0419a68413b47d9da1cd9ae6356b0044de9cd6ecb972514edebc6b715e","5","false","bad"
"19834","2025-11-14T09:58:18.000Z","0x71700704ae0e5e2e9f743affedd769b75cf1a710b7749e933baa28eeadc04164","0xd2a2febbd8ddfd210ef2999d9cabe150c247a3baf94a4cb573d59a3cf937bc3a","26","false","bad"
"19834","2025-11-14T09:58:18.000Z","0xa90df90a92ffc7ef04127c8fb755a3ebecec7f356c8c84229348908bf22ef2e7","0x454f7253dc7d50a280a920c6da6ebff9003ea438167c1160540ea17357db012e","19","false","bad"
"19834","2025-11-14T09:58:18.000Z","0x33d9abedf60e28a5461c9538a5cda39d478e1e80988a10c70b20840a851a52a5","0xd0dafa65b3216e892cd7ed29bb58c3c65e7dab0b42845bfa05a1f9689b69a919","28","false","bad"
"19834","2025-11-14T09:58:18.000Z","0x610bcc6f8a974e39ad6c2e1211d2bd644ce3ead1497ebdfe6227b04835c39e6c","0xfce5c5a61ae8d93a3266e95bd321bd8bf32f5729431683cdebc3ea4ef6800604","3","false","bad"
"19834","2025-11-14T09:58:18.000Z","0x70bdb1dfa37efeccb34d139732ed604bc8ac7f0bcfa872795837fac1f5a9fab9","0xec965f8fe1249ca560192ba4272861278e7f8253f4b04b18cdb4b7102c69b7cd","20","false","bad"
"19834","2025-11-14T09:58:18.000Z","0x7368321665f398d011ca5fbd2f78c20779e952bbe451b6add363789c77468517","0x8a6d7b0b7fff816da3279a8b2b9fa611aabfb235216fc68fe42dd2e3698bd033","32","false","bad"
"19834","2025-11-14T09:58:18.000Z","0x0a6894c75b723a394fd2e4cdfea1c39ccb169d4d34bf4502ddeb3f4ba86f230b","0x612db4966b756e4b8e80e0b6855dd949121b68443194dd3f0eea1259043b06a8","20","false","bad"
"19834","2025-11-14T09:58:18.000Z","0xc4d4ec04ea937d13ea81ad446dd866f9394d068132f0825c3a54b5659d7230be","0x9c2fdb509159070911526155650f6ff6fedfb375ab4e1d48d8adab1f5dcb2668","39","false","bad"
"19834","2025-11-14T09:58:18.000Z","0xb88f119bf5d2c9780b1924733b0ba4e32891c3be2773373dac1e62ed47bf3cb2","0x74a77a926d6f781719acfdd59c1ff432e2aa399a228ba7e7651b5591643953aa","12","false","bad"
"19834","2025-11-14T09:58:18.000Z","0x89aab831edf4ed4bea74798c40053a67e1d3bb1b5a05d701c2489a577ed55d4f","0xe677e95c18a1b1967be23b06ce3613effe9c6bc6080ee8a807a539cb6b787978","19","false","bad"
"19834","2025-11-14T09:58:18.000Z","0x0f5df0b3068f00328d8de71635e9fe4f73aabdbf526809e359458c5a5e3ea32b","0x33b9de891e8b1c72501fe4bdcc939867848376037212a0778845d7ba17674fc3","9","false","bad"
"19834","2025-11-14T09:58:18.000Z","0x8e0965f2efee94e64dd408e90bea3ae1015f4ce14f81ce8306f77ab47fc53e09","0x74cde95ea3a84b61d6a7bb205f07bb2c78524f1dc23a18de314a8fd6c31a63bc","8","false","bad"
"19834","2025-11-14T09:58:18.000Z","0x6eca83b9205174ac5ff2ef54198cd25383101de48e36c17a78235d86781753b8","0x48c416f7eaa0fa7ae988bad388a586cbbea82e248fcec9675c3c713ccef5e9b9","19","false","bad"
"19834","2025-11-14T09:58:18.000Z","0xf5f47606ad8307298da0e798642b59fab0e6dcfa6ca12b90421d4f8d7ed6e2fb","0xebfda7587f177aaca27fad0fce97a20cd221f5929f7b08ecf9810fb14ae6feb1","13","false","bad"
"19834","2025-11-14T09:58:18.000Z","0x6abfad195989e031e3d16e2ae6d83568e95323204c969b3673c724f2a2f1cd15","0x68bbd9c2121b547ea9d7fce7b53f20a54573c3a5549e175f9ab7b99e133dc4ae","16","false","bad"
"19834","2025-11-14T09:58:18.000Z","0xe17224cdbd4f233aa647b2ba59aa4cdce985064b9eb5222340bcbb205244cabb","0xa055d62b72d9ad445c0c24db5b791bca939964440888076bafab96d5f0351b3d","26","false","bad"
"19834","2025-11-14T09:58:18.000Z","0x13b60ca83f6fa3a9e8d3675f9d42d0cfd2bf9d2d923a2f8510b781e5173a31b4","0x8a395eef2c4931b3291825f7ec22e7514f4aa00e2c809bcc37a023552da25918","35","false","bad"
"19834","2025-11-14T09:58:18.000Z","0x265e631077801426b5d75e2bcad770411050c5d38ed72606adc52072ed425a6d","0x368c007c04aa43f97d16c35ce2bb9e5188f0a18694c581213b71f480997d9803","39","false","bad"
"19834","2025-11-14T09:58:18.000Z","0x1eb5e0950a1a2c0b7819fbae0b1cfa693d720d18b25a717ff484067c14c8cf85","0x329803ec68e4ce10df5e6f3adbb3e52f01ffd04f64aa7a29883cf54e3b87b585","10","false","bad"
"19834","2025-11-14T09:58:18.000Z","0x572070af7110fa1ce70e425fa28b9d9be77b56d63f986a49f6554caa3ac92fe9","0xdd926ef45cbf0899c6fef45fbe99bed22acfc0aac4518d2ea9acb5def912993d","9","false","bad"
"19834","2025-11-14T09:58:18.000Z","0x096a0725435f41d208a892e69fbc9e84c2cba1a5d93c1ec555ea4eeb913d4c16","0x8a9b28e08b62d6c3c6eadb6e55a64fba15e10d76e80fa74df4b935f512ca0df4","10","false","bad"
"19834","2025-11-14T09:58:18.000Z","0xd824cdfb248e4d25dbfd6378f5b9d84fd1b347aac064cd6e9bf6de4642745123","0x3e2c8bb70504096f9635e0cccbca96a110f1204ce34c8aa71af8ea2be6be736d","39","false","bad"
"19834","2025-11-14T09:58:18.000Z","0xc49fe518d9c0ff2e4037a4c7921684963aa0602d6687c13bd803db7cee145827","0x2f681582954ef05a6b089cdc053ae1f29ea9450d1b421d3031d33d9f6a6a99af","36","false","bad"
"19834","2025-11-14T09:58:18.000Z","0xffc527101377c6b4fdb377ca2b287b97279ad9d370ed3b26c985a4e10154affa","0xb58758f4776ce0c9c85262758c5bb491dcda4f7ddbb03a71dc4caa95d6caff18","1","false","bad"
"19834","2025-11-14T09:58:18.000Z","0x86a89ae6aaddcb8df318ccb5e12fc856ba7b999f8973c0782a1cc2f251173d50","0xfb9c1644a2164b09d5e2118618cc1974dd86c9c1b43eda112516a4a28860a8d1","13","false","bad"
"19834","2025-11-14T09:58:18.000Z","0x47a9bf456c321387bb43a45038c93406ccba1fcf3258dfa5d2766cc1889d95dd","0xe6591ac0c3f3e63af97ac3805faa55a8389fc87ad5ad6f14ec7f74fe7a83b4fc","15","false","bad"
"19834","2025-11-14T09:58:18.000Z","0x10f6831ad5bc75a9d1e6cbd52a5039cc265cd6adc2342650f3562a1d159d6060","0xde15aa3c407e55d2e4c5631b0489044ee999aca34f040060cff6d4c7c0f00c94","27","false","bad"
"19834","2025-11-14T09:58:18.000Z","0x5edf4ebfac35196e82bee8bbc0d686226b6c155de7fb125d66915a345959de0b","0xb6009330621de830d09ac29fa66979f0c8bb6d970f8e22b1236d1815a8a671bd","26","false","bad"
"19834","2025-11-14T09:58:18.000Z","0xa8115f5f54abbcdf86a0b78530f66cfd346c920c8f8d2f2c9c9d78f965e0a220","0xf62cd82b8da1f58d876becbb8f03d2dd0739d7df9f112f95488c229be26c6a4c","23","false","bad"
"19834","2025-11-14T09:58:18.000Z","0x7131d9459264066c7e9c0b16c3798615e3dcd905fd252c211786e1245936ad0c","0xd9f88735af06af0d46b80ca2d06c78e02b78e9d61bb6ea8d91caa387c198aa8d","17","false","bad"
"19834","2025-11-14T09:58:18.000Z","0x611d68410791ae8e57b8a52047f6fa1786c392e2a4cc774eaa1c64ea3195122d","0xa20d2df7a19b82c82f4539cab0eacec9c90ce44d823b68fe05d28b43d54cbf45","1","false","bad"
"19834","2025-11-14T09:58:18.000Z","0x5fa3a0925cbe89c71ba10011eeab517dc2b5dde17dee5e3e4d3e5757747aa014","0xeb663a92d3244a0f07746044846119d0feffee5c7ba2d092e5fab5e85e8bdb81","14","false","bad"
"19834","2025-11-14T09:58:18.000Z","0xd70586e2c370c220a1f9b1faf9ee65f79bc49cb9b455473f902b74ce183ad87e","0xe928d36507820abf4f57514d09d21a2b077b61f31e741979fef8e5b119061c6c","9","false","bad"
"19834","2025-11-14T09:58:18.000Z","0x92d5c751cfba9645ecbb850d78c8b6b49f7c9efa907f58369e00d1265e2868bb","0xfe83ec8b1b83d02a9f1cbd87154af57f38307bf9d626503d393e5726e2eced53","13","false","bad"
"19834","2025-11-14T09:58:18.000Z","0x338cd8c2047aa5b1d24683d21d57bff36b050d934831d786cb02f6ce18f13073","0xd139cf6cd7d9a40788fe6a1f2aa13f22d8c81e5939d3c36fb4512d54592e2dce","1","false","bad"
"19834","2025-11-14T09:58:18.000Z","0x634f7620f5ec35e49c396dff4f727920bba9c65e2fa93df7fe8f2ab6355588d7","0xd409f4080499e8799312f7ca62452c078c22365e8614a53ff6826865d4111e7c","22","false","bad"
"19834","2025-11-14T09:58:18.000Z","0x713cfa9ffaa916228e06abb34de88fc52017515189b67a99a6e353c6e2324c0e","0x06cccb75b87bfb30a698d8b6427690d32fd71be8a1bdef75f18fce1fa508a62c","9","false","bad"
"19834","2025-11-14T09:58:18.000Z","0xc2364a9cbd52dd7adc3a08bdde273c2fe1dc117b9fd8594e7deecd42fc4d2171","0x229c824d4bc06b569b4398f853873c43d1c61235ffefe86662d36d74c2d27ffd","30","false","bad"
"19834","2025-11-14T09:58:18.000Z","0x36d5f42c7ee042b27ef083dbdc8ee71eb081a2e68d9006ecb3a9a8f178c20b74","0x4a568192f213f1043ac17ebbf5bd96da9111e273b9e3c8ff21c7836ab6ab9ed7","33","false","bad"
"19834","2025-11-14T09:58:18.000Z","0x73108ccb6f89b8282081f98ac1d153bbc6a32b7b62e4b322c45c461ea8abb895","0x06bc1c1f0457b502f89951ed480238833a0b023a7cc796568bdb5d33c33e84d9","27","false","bad"
"19834","2025-11-14T09:58:18.000Z","0x1823d1198106e29456fee50381412583147d6606eee1b45d543fc3c44e19c76f","0x42490c5af29ae8e5467838ed330af1fb298b6995397ff29d6ca1f56d4bb1958e","22","false","bad"
"19834","2025-11-14T09:58:18.000Z","0x77a009af270b30594d2d08d205e41fab7b54c35677cd53decbb1f7949a242871","0xff5efa46b18edb48751e26074dc9f304258977b1591f35e06f59c0b6c90af674","20","false","bad"
"19834","2025-11-14T09:58:18.000Z","0xa079493ad0988b9dce33645e3f6caed8546f76f2956116074b9fd10200b81f00","0xbb5eb7942bb2829eb06520126404c51779bea9967f716ed3d50e04b3bb6f8660","12","false","bad"
"19834","2025-11-14T09:58:18.000Z","0xfe054c6a1837840ca1c415c8521c7c03b2727744197dc38b4f5deff6a8fe8198","0x674bb2c3d09d73a5047fb360d3b23c98c654f86a6c48050c14fdce72b507ee86","26","false","bad"
"19834","2025-11-14T09:58:18.000Z","0xe142b935f43c94017d0680aa5086c513f4c1fdb1104cacee19afa15328aa9d78","0xa99a73f28e04a459f1dfac9e93df182db4eea1f7c0c45761dd58a3333d527c7d","37","false","bad"
"19834","2025-11-14T09:58:18.000Z","0xbc859fd2f70d75b37d272833feed095d4f934ace6d1153563cfc20a70261d5cb","0xb46c0eb02fca60003e1cc8d00f50094e2c13ac06968f9f0980e8a8b377e86cf6","1","false","bad"
"19834","2025-11-14T09:58:18.000Z","0xde5b5943f5600839265d0551a50e4da411124ecaae603f63076a6c8d4d1377b8","0xae3953120baf3c936a34f36c28311a59d08be647ef8f0edb8a991f45979cd5c6","14","false","bad"
"19834","2025-11-14T09:58:18.000Z","0xc33af8017b5346b223df031b23a4296ff37363a2315752d5510084b62d38cb1c","0x3222646683e6eef988a8ce5e5e2e9079ba510d70957fe0e4dfa8541d1f379d2c","31","false","bad"
"19834","2025-11-14T09:58:18.000Z","0x4b4c859b0f767849cbf49b9f84f1e83871fa52bf79ef74d3071b86cd0b5f96cf","0x6c41c636bc0ff17baea6c1f5bc405a1cbb8fda25881c079d4855f85333dceece","3","false","bad"
"19834","2025-11-14T09:58:18.000Z","0xbbf9348858023322ab6e035b52e65628183aa1c5e005f35f6ffae01f8cdf4517","0xd30d77b1857158ea7ae9f2126d7a7d1eeac40a7c2c3783ec95eaa7e7e9d6aad6","19","false","bad"
"19834","2025-11-14T09:58:18.000Z","0x61eab2a72f103a4dce44ccb40d747cf578eff566b94a77cc5c8e6357006a8f7c","0xc87a4e4ce4e6d654a2a81aca15d1897ff8bfe57c16bae211eff66c3a28f3e4d7","42","false","bad"
"19834","2025-11-14T09:58:18.000Z","0xc07331968bc20df1c975731dd991ebbb35b915817a9f5aa927fed1ca0ed7a55a","0x7666a8536b276192985f79aceb5d564e2119bd4335b72f57a3b8d7171b07337a","11","false","bad"
"19834","2025-11-14T09:58:18.000Z","0xa0e634352f63eca41d0c5e2e2bb1656db194b2b9e7092bd5292f0095cb813f2b","0xb9deb0911e5d5c10bee2cc08ec400f54435431a0b94634b40c0f1d5afe62b27f","15","false","bad"
"19834","2025-11-14T09:58:18.000Z","0x64b6a8317df5599e685031b98906e8fb795d971325815c0b5c66339ffda67ba3","0x9c008d83a87d84a979341937a591d91831ecad563f3b443e829f3c51772749f7","25","false","bad"
"19834","2025-11-14T09:58:18.000Z","0x7ee65963bccafa94fa4521363dc4ec3e6eed64f7c32b619547bd60c342dc09b6","0x5baf33676fbf301b01038760636991243fa3661bb75d37d49b8e08d1535383c1","41","false","bad"
"19834","2025-11-14T09:58:18.000Z","0xd023b679ec14f0f76087ce92ece03232a079cd25208b7c4dd26da99f38343110","0x910c9e0ea8b09ab5c8211fafb716e57c51654f8dbfb921d5c4ade7ecbbe83db3","10","false","bad"
"19834","2025-11-14T09:58:18.000Z","0x41122eb2f3b20dabc3e5008b378e6f9b49cd3eae23567d3473fb2c0bd964dd20","0x5e18a6f6cdd3869965709cd32f607122b1d80ace2d66aaa2e9cd3e2565bdad39","39","false","bad"
"19834","2025-11-14T09:58:18.000Z","0x3442d5470a1514b501ea1718cbdd3846fe8b371c61b4c5c229a61fad28783c83","0x029bdeef83d9dfb20e61b9f5c6bd594da0383c6520eca1ed59024b2e48327532","27","false","bad"
"19834","2025-11-14T09:58:18.000Z","0x5a12a789fa2c04b29525774c86082f87e186c0d79960d84effe72d0ebf87b072","0xcbfcfb9b863412bf6cc9a79117c5b7e0d2732470589f5f99f20ffc76c7d3c250","16","false","bad"
"19834","2025-11-14T09:58:18.000Z","0x753435e9c274f791d6b2942040947f42006df6b55368c39738ec54c7b250bf11","0x5d5012ccaa8f91d6a150794096d85a92381d889aceecca6c7292af179104e4ba","21","false","bad"
"19834","2025-11-14T09:58:18.000Z","0x8d083c8a729bb147fb8df225bdf79d9040ec1bc14f821c0358710bf45e6fe548","0xe1ac25af2e3db4befbc341fb215d8f6d980cfc551b715ebee0425e08179fd1ac","25","false","bad"
"19834","2025-11-14T09:58:18.000Z","0xa64cdf5542466050bbe88334e8d00082b4a01bc3d5319d91f0d204cabe19c6b2","0x91c3021a5af84011956ca4c4e3f13c1cf8f60f70905f173e1b67985f5376b41f","39","false","bad"
"19834","2025-11-14T09:58:18.000Z","0x8b526736d4f47687e7b7463d695658e21c9e21c383fac6858c243ec6be716c4e","0xe53f7556b361531f7a49df8265a4f9d3700e3bd08f95aabfeb386ffdfae45652","8","false","bad"
"19834","2025-11-14T09:58:18.000Z","0xc2db48df9cbb41e035dccfd2de30eed6d364b27faa7f068d8a370f36abf69f7d","0xb8b8ec9254f45f74024903768ceacc4d755f27125a8bf60419a016e56e5901d2","36","false","bad"
"19834","2025-11-14T09:58:18.000Z","0xf96be7a0936b0fc99296d35669dc0bc52866297b628c5897cf6468dae4192b69","0xf724d7eb455c3b634d0dbb03530e103c28f7e8256d010fcaad28180f05fb2c58","23","false","bad"
"19835","2025-11-14T09:58:20.000Z","0x8992d96978ad3878f9d5570abed38ad97bd92be9273889c8e9301e8fc24d27fe","0x42f8020b1354356aed343164c07f2d0d070032e518cb254a2c0914ee71310e9c","5","false","bad"
"19835","2025-11-14T09:58:20.000Z","0xf178d40e667027ba1e24ebfc94549b7ef6e1aa5d24b6a285f4d7d136be0b1e7a","0x361ed05dddc1caa0a24f405e7ca4693734588a53786d2474a6cb6d069255dfb9","10","false","bad"
"19835","2025-11-14T09:58:20.000Z","0xe2a550579c42789fdfc6eeff2c514e8b73a6d94cbf31e46112682bbb1671b89b","0x114703263514c4d26c4319fb535fc43876e4c5d5ec6c3d3b9e0b7767427fcb45","12","false","bad"
"19835","2025-11-14T09:58:20.000Z","0x5f9783af62033cc320c08c87bda16122bab8ec6a4a2d717351c6b4b19e67e678","0xaf2fdeec3247e159aaa4af65a1f8f1d5285149ffdb0f7fe6531c35e9c5d5ddc8","13","false","bad"
"19835","2025-11-14T09:58:20.000Z","0x9ac098c3aafd2a9b3865fa8f85acbdbd129ff59464247d77f64c2851af250b62","0x8b74accd8c671549eef51308642d880f85d650a88823ad0f23bcbbe338d683e9","12","false","bad"
"19835","2025-11-14T09:58:20.000Z","0xff5ee60da88defc5a32c8aab9ac9171058287cc8f3f373c4a59b772d1c945cc8","0x72289b47fb2cc40f582ffaa77a57e74b5ab99090982aa708100dd62699d2a284","4","false","bad"
"19835","2025-11-14T09:58:20.000Z","0x2ad4df34089b165939ae6c8ac27942b465afdf5169f2b486cc2adb42127a36d1","0x0318f1aeecb80d2cff9b03964ce0ade199dbd5fb99bc4349b949c1df50db167b","30","false","bad"
"19835","2025-11-14T09:58:20.000Z","0x9dd37d04e87b41465c0ed8fd6ac1a250056114cb0be1b4f0e6d17fa054cc9f3d","0xe615a20c6c2a83c9bc13b8a2d91dcad5ac07b635473d1df8afe094e13536b008","9","false","bad"
"19835","2025-11-14T09:58:20.000Z","0x7885f6a45d9b51b82d49cdabb1f56e522cb4835ead8b8e70c72f8d30519b8451","0x8c3dab401455d306ba80ac03f107fd88417ede49521334e9461e8c6788f954f3","42","false","bad"
"19835","2025-11-14T09:58:20.000Z","0x64fefb770f56f843dcd872ab9dee22a876508e46a5402d566c4d25844810a39a","0x9b8256c49fbcadea66c1b353e8f3ac60a9d6c8ff2b8e4bc39e1a98d1cea67a3f","20","false","bad"
"19835","2025-11-14T09:58:20.000Z","0x01320ff13fdf984cec036a981a79bb8cf3547c2c752822ae73ceb5baf8f68b61","0x458e8dcaeaf764f77dc7375d1d76a4f3f1a2734cc1b869a1f4bde792145092d0","17","false","bad"
"19835","2025-11-14T09:58:20.000Z","0xc053ab83efaf5a071827ff5313a08a6dcb738a6694a38ec5adda5c83151813fa","0xccf8af2b8cff7f7ef1af5fe13298e0da2fbb98349273811d9e5fe309e85c2211","5","false","bad"
"19835","2025-11-14T09:58:20.000Z","0xc85b229e240f1c67f2650adfedf2d257677beba8bd923092361cf82072897b09","0xaac5cdb286e63ede02a8e1fafa4b93d91b42e15bb0865850e51ba53852e0113c","6","false","bad"
"19835","2025-11-14T09:58:20.000Z","0x26fc92d6b68aa6059c743f5cbc9c2d2ca4a84c433e3c7bdc750b1a6afbee0fb6","0x2199cd8d7f60db31c18a75e8029460ce0ef1d266845760a585b695e93dab03bb","41","false","bad"
"19835","2025-11-14T09:58:20.000Z","0x40d5af49bd3f1d0f3b95ebdeac65cd01e7dc8d4f08fdba5938e75a0cd8681086","0x2443143d027e45f716d059e63bc7a192bfc6c560fc30373d89ef50d3d977326d","26","false","bad"
"19835","2025-11-14T09:58:20.000Z","0x921a31a7a432c973fd32840b4b5ae6d0ddaff033314e858d52e794321aaf91fa","0x5837ab290b473b1981e20bacd3356863959a6c7e9050b35983affdb21c1b41a3","13","false","bad"
"19835","2025-11-14T09:58:20.000Z","0x1d385c0d90c81a04dae06b068bc7ad05583bd455b8a2153a1e66189ac93d4bab","0x77b5b1b8efff6d35a549479f51aa44650397999e5736fb4649f7fc755624f206","12","false","bad"
"19835","2025-11-14T09:58:20.000Z","0xf308a15b4a2eae96a66026e240a6e42488aad55a224ee5093f80b62ec3e8896f","0xf38497e72e43ed68ba9264749031d561bd8904cdf68c6e58e839bf863f59ccc1","17","false","bad"
"19835","2025-11-14T09:58:20.000Z","0x29f9b7d9e668d2090f68278f82597e3b7913f023adcb58aa051355ce157bff7c","0x14b512aadcf30f2805b506e8a67fe342b227c3ed19616c541f9022d5632f7a63","19","false","bad"
"19835","2025-11-14T09:58:20.000Z","0x61ffdba4bf254aaf75a9fa0579bfa858418e5eba29dcab33ee14445674ef8aea","0xeae5dd0daa65ce7df20d26625fb152ffe474e9e40f8ae5fd133780322f9cf708","9","false","bad"
"19835","2025-11-14T09:58:20.000Z","0x1c58ccbd715ace5b41d8a2facf96f5c4617acb61921fbb4913710aaedbd7a569","0xc6d25eb685b2cc860b418ac42732e97f68e6c38484d9759e7334c14f131b92ab","33","false","bad"
"19835","2025-11-14T09:58:20.000Z","0xb6a4265fb3f78044c1da5925a542351f571789a3f7c00b1db1a330d606186665","0x0d53f2f64b28ca040118aaf35266b0ef1c50a9ef6073619f2bb16263c59d3af9","6","false","bad"
"19835","2025-11-14T09:58:20.000Z","0xc253f034cc8961ed4c38d0976a9a895571f66db6c677b8b07edea93d30544190","0xd42f1904376e9714ba15bcca6b578117c35e289eb4100dbf28290249b7b42483","37","false","bad"
"19835","2025-11-14T09:58:20.000Z","0x90501df13c5cd31a83dff9b491e679608e2d446d716c2cc6a819bde2cc3f38dd","0xc7d895c2941856302e03633a93395039bb8edaee4e4a50593aaeb8e6feff3ac6","7","false","bad"
"19835","2025-11-14T09:58:20.000Z","0x98b59f582f65bd3aeea432eea865d98dac9407dd405a2a88e0877f72d2c9f1ed","0x29f49b326a0e29f16cdcb1757d01541513aa6829ae8fa4e7ccf345371d15bec5","6","false","bad"
"19835","2025-11-14T09:58:20.000Z","0xe9438c53d1494c4c0366704c7fbedfb00436ba05758078d563989d0894494b40","0x976a36dc0b2abadc1e5f3a2ca7484547d1b18ea95e5032a6ffbb308c274b81ae","7","false","bad"
"19835","2025-11-14T09:58:20.000Z","0x3e1f2f9e1966de4819764e07872e15ec82d31bc8baebc18011ad9241b156a903","0xd95eff22ba598d5c2971493b1f3545f78e4e9b6da702ffbbf1b8bfce507d235f","26","false","bad"
"19835","2025-11-14T09:58:20.000Z","0x33bf345f2577ace8bcfde453aa196a72b4cf1ecf1b8e225abce03cc0af573c7b","0xd418c44bf9e94f5661ea2d6f2844667239777938a48317f78ed322adbfd0ed68","27","false","bad"
"19835","2025-11-14T09:58:20.000Z","0x853f94f1bf8771a9aa4aba0d69860f094d999998a41d9048cf75f93d78dec0bb","0x563998f773375e5e7a40645a07f0560bedf973b7f2b77adef8d8b4950192f768","28","false","bad"
"19835","2025-11-14T09:58:20.000Z","0x450afc599b5b754fb047bc878c4f7516423f7e1570623871666048ae8414ac66","0x0abfe82175add3dc50c88bed1b05b416ebd778f4b159b618fb3616e15eb577bd","35","false","bad"
"19835","2025-11-14T09:58:20.000Z","0xdeec45d3e640dc9bbdf0b28448c8e28ab20ccc6306c6360e24e76f6935491a03","0x5fa188d9ff2bc4498f664742a677b351b3675c582e53b6044d69e1625a1e75b0","31","false","bad"
"19835","2025-11-14T09:58:20.000Z","0xc1df59c856393c99c030cb08a1de216336a031db3f1c107cb8d6d310d22145e4","0x6ba0a3137a20d027ad081fa5599f36285647e081f5950ec1b4bf400ac4331b39","33","false","bad"
"19835","2025-11-14T09:58:20.000Z","0xde017d6464c924926fde4cfdb80774ebfc854e6321aec897bb71691df227b1de","0xca135ce7dca283ef23e38a5b5c1ea42014e4890e0faf7de53508ee1e3c9537ec","32","false","bad"
"19835","2025-11-14T09:58:20.000Z","0xfd3ea5fdb43666a0e62e048b5117fbcdc25b76012379a738bc9f14862eb37f8b","0xa9374a1b95b16c8d6afb01867468c0bd7d650b14c82485165f4d1be664a24f26","37","false","bad"
"19835","2025-11-14T09:58:20.000Z","0x7f52f46731a2054c2f3e8749cf723b4498444d80d6b57fc415395a834cc3176c","0xc23e87b42066d21060e5cf281cc71ef8c483d132e042c7c9df3b5a78be6cd0c7","38","false","bad"
"19835","2025-11-14T09:58:20.000Z","0xf617a7f304fce3dec8ab108b577a9a9d8f3a39de682407fdec1c258fc8e135c7","0xef8776517092a3e6bc092cd0dff2ae8363df0fc65c53e385b1052fbe1fcaca69","15","false","bad"
"19835","2025-11-14T09:58:20.000Z","0x75c6123ad76be438d612c9af6188aec2fe1f56fed99b74777ff66b7327ce722b","0x8cd650e1de58080facd206a65822975eaaccb85a52c346d2253554b3aec7b2c2","22","false","bad"
"19835","2025-11-14T09:58:20.000Z","0x8c591812ee20afb6bf6b567c7e3ff2084c5aa4a71723bbd3d2e33136c6e2d446","0x9bce8b145361463b45a1e8cde8c93052b4dacb2db12508e07615d7320f648717","12","false","bad"
"19835","2025-11-14T09:58:20.000Z","0x6b6d915ca346c8c621956984b9be4d0cc112aef54528942f6455f801b10b55eb","0xe6dfd086e9d66cb852e636eb4376c4d0a31a208c5dac8daac1b93799fff1cfc9","20","false","bad"
"19835","2025-11-14T09:58:20.000Z","0x874f03d56f3f4873f2ca1c7bf9ea09ea7e054d7c8bdbf560ca1f14d069eec8cb","0x5d7904d4421c9f9acf239edfe2e710cbeb5975495485b98e99f78c4da1740553","19","false","bad"
"19835","2025-11-14T09:58:20.000Z","0x466f933a2caef69e92e0d9c1a55fd2162cdb0e1868dab4d5cf8f50866e889119","0x64daafc724cd0419d354d3d30825e7c2a7e7e67939d507d47a1528333315f6a3","40","false","bad"
"19835","2025-11-14T09:58:20.000Z","0x685cea2c8a3e6fec21e294bb651aad8adbc3a44b5400b5ceeb12e18bcf02748d","0x943cbea91230321ca929c111df70403a7e35f09b4e8e536d4c9059b954697c73","14","false","bad"
"19835","2025-11-14T09:58:20.000Z","0xca195e6ff0aab301ec1d9031f3911bd887ce76ab829b57bc11370dc934f97b9d","0x612d30fcb00017faed789a11cfb9ae4701561440e902b6447f5db957f3b7ccd1","28","false","bad"
"19835","2025-11-14T09:58:20.000Z","0x01d2afee8079e4d0f84d9b3d19eb4ab78b5bc137dc5e4e7c1f256a74b67a8c2b","0xeb9ad36325e76f23e72aec959c8326345dda32ccaee847ea54a6ba94c2ad8c14","30","false","bad"
"19835","2025-11-14T09:58:20.000Z","0x77d39d3d1c829c402573e78cfe1af464087d06e6d52a77774ffaa7709d0ac066","0x266103fdc7e78af58af905cba2873215955660c5207cbe95f039748cc0095c3f","27","false","bad"
"19835","2025-11-14T09:58:20.000Z","0xfb1e0ea0eff9efaf844891a2499d3deea6f51be0904d34c4bf73911ebb051a28","0xaeb435f58e6c4b5b8309c2910c88dc631b1eb92d3440b057e9b5a67062f627ea","30","false","bad"
"19835","2025-11-14T09:58:20.000Z","0x114a2f0f9121b64f757ace378bd0d680076fe10cdb606ac121dfcb0e406cfa56","0x5874c347867720e3661622a2ef7a4838384713b754f5437176737d17775b4ec3","6","false","bad"
"19835","2025-11-14T09:58:20.000Z","0x3b01e2bcc5e327caf3751701df415711de57b5cf13e9b127aa38c624629f79bc","0x342c89704c2edf212c76e3688678a261af08f503636bf1ac2d4d95eb87dacd80","34","false","bad"
"19835","2025-11-14T09:58:20.000Z","0x448f533649a70c0efa35f5e09576b81ffc38a0b1fad405ef609e419bb3525512","0x355c5738768d39d4fbdb837ea0686fee5d632db97f3646e0f822c700903724aa","9","false","bad"
"19835","2025-11-14T09:58:20.000Z","0x330efa15d143883b64778d5f1dcb57e3142b0bb0864ebe004bc22acc5dca8d69","0x05e809f05f3bf9fc62f621ddc890d5069c03d20c6da108df81a782de34a9dd58","30","false","bad"
"19835","2025-11-14T09:58:20.000Z","0xea251269f0041ee84f6f08ad2ef5ee0d3184313562788a62adc0bb1500e21518","0x076e9cf675ee87b002c7243fb19074202693af936ee9bbbf51152c5e68fe8182","3","false","bad"
"19835","2025-11-14T09:58:20.000Z","0x63f22bbfa003b405276e9be5c8e8f3025ce51fc3e153c7e9546c5ea19230093c","0xfd7df1eb37ccc1f08f02a88a7ad3226e3e3e2c4366e028d25aff42a753d95c4a","19","false","bad"
"19835","2025-11-14T09:58:20.000Z","0x911147d2116502312c5cd0aa57c8b6750cce335cd0b0ceb6f80e0038a8f79916","0x6451c7dbf4060c5f2e08196d21ba546afc217d5790d376421f6cc23d7de843b2","31","false","bad"
"19835","2025-11-14T09:58:20.000Z","0xc3ae1dc189c1a6a3e742a8cdbe7b3962048304604279c0310b14d54619a1ae2b","0x0d3dec13f235934c1977e3f75dd582eb683a6446df2d9351414e103736055e09","1","false","bad"
"19835","2025-11-14T09:58:20.000Z","0x7d3e309ff09f0a487c145017bcdf4958f3062733e54eac0839679d867674d7dc","0x9aa1ebbea1b076ea3f835a195757c8f11c945f201f9a5204148c98638beea9c0","34","false","bad"
"19835","2025-11-14T09:58:20.000Z","0x6cfe8a7e9372fe554a2d1d116697783c076365096a46b280f564fe083705b74e","0xf7c3c8b7a08f46d168814134fac1869328708707bb5ea05e9ec9ab1424271e96","20","false","bad"
"19835","2025-11-14T09:58:20.000Z","0x137d1f2fb44b7e3c5bfd2588b235f800f94327072c687e6ccc147218ea68da6f","0xd8b9610ff14d29f2cb39c5a976b04b234de3eea9010f51e955e165d61344469e","28","false","bad"
"19835","2025-11-14T09:58:20.000Z","0x10e8f2dd06d8d43436d5a84f5c3d51acfee21e54780989f4879e239732c22fef","0x9a644721aa205fbcde10031d7ea7175cbf78cdddb2858e2fccc745ef70ad7611","17","false","bad"
"19835","2025-11-14T09:58:20.000Z","0x85457e23d133714ad70c4bf178e89f98d46866a8e87f3b223728037ca76d3909","0x05c299172064a6e419e9ca887a10249fcb40963b91f552346fed0fe331aca467","15","false","bad"
"19835","2025-11-14T09:58:20.000Z","0x0dc34a00bba0e476f9ab5a4477d9f78d1386963037250eed25da16823feda047","0xb84d71ef540561c6280af8d973c7997c1d87bcb8ce14782d9423531b940f8532","19","false","bad"
"19835","2025-11-14T09:58:20.000Z","0xb1fb627b8e9ea764c00454a8e63be470007c1e92e5a819a07b23d3272dccf33b","0x5ef9dd38ebd8692f6f73d9a4ee46ea861fea05ba777639ccd47b02b63d218677","10","false","bad"
"19835","2025-11-14T09:58:20.000Z","0x0b173cb9f50fa3f30c1b0bb319af4e5c0ea93983f3b67de229ac211129e5dabb","0xcfae12c97b6c78ce9d00d68bcb67049932a97d61e455a9e81a921e327c141ad7","36","false","bad"
"19835","2025-11-14T09:58:20.000Z","0xec7262008ecea4a06c2b0af63cf678f64bb6ccc06890ae5cbbf18a6d070281d9","0xd2e6f1fb412306c7eb552f8834f93e4d8b8d830ae4234e363c2566291294696c","1","false","bad"
"19835","2025-11-14T09:58:20.000Z","0xa076d06cc6a83378883d859a38523de346287e0672042cfb6b8f382506eb75bd","0x7280d1c52f3cec603bb19177f3e3a2e6a2f5fa8c19d037c96e2c6192ceb09a82","29","false","bad"
"19835","2025-11-14T09:58:20.000Z","0x963dcbbb05072dbb8b9d39ebb4cd5cf247bd87e6f11ac690a0967fcfe17d0fc6","0x0407ed383cafffc759721bcfa9ec6a83454eb6c3603ed4db89d649eb3aae2634","21","false","bad"
"19835","2025-11-14T09:58:20.000Z","0x07a10f09d28c52c2553f253ba168287268a4d027976768a8c38ff974e942d6c6","0x89366a9dbc470a87dff868ef2c4b7f37566d3d7f78e67529c2d7ddb8cd76a661","21","false","bad"
"19835","2025-11-14T09:58:20.000Z","0x9f391fbb0b0b18cb4aaf6f1f7a76e2d405f8f3dd9d40fa8041673a433da461ad","0x0fe9dd39c8523e992de3ee4769db39b0a68d06c27eb0463c8480679f9d937a5c","33","false","bad"
"19835","2025-11-14T09:58:20.000Z","0x1b1214eca819f78ab75ccb53132ef6d9b938453ad14764d53b9c79d1f001e666","0x465a8f3f8ff570ab17c0b7e233e85561472a1f96ed6287a0e4932c6fb4a744e7","15","false","bad"
"19835","2025-11-14T09:58:20.000Z","0xdd83e74aa7e39f6eed2262181559451f33a90b6880589423c7ddfdebfd0cdd3f","0x020961066550547e97bd16b81a4aa291fc04b2b6c99d993fea7f7a0a89527fc9","2","false","bad"
"19835","2025-11-14T09:58:20.000Z","0x1391883a5b35e34b9438475ca53da19a502acde5f62bd95e4cc2441c26ba8df6","0xf966fdc2f6e1d639dc3455c1c0d21cea373bcd74aa4568d50c1e4c5018b2f27c","3","false","bad"
"19835","2025-11-14T09:58:20.000Z","0x5349005d5fdb98ad66a564be46d3f35b0ca4dce2d1663332e35d780f96ae9336","0x3206db25eb4a7c8d4fcbc5ab6134daaf855be6b1d58331499b846d0841b698ee","33","false","bad"
"19835","2025-11-14T09:58:20.000Z","0x75b6c7ef5de1fe0e7e9e53f8bf0132362b940ab334ecab2fdd75498bed5dc83b","0x70a2728b72b79f3addf6d8910753fbe6a33d1b9c0ef1339c0667072e6bb7e779","25","false","bad"
"19835","2025-11-14T09:58:20.000Z","0x1497e4d87c39ad44d6cb78350aa8881f20c4901a0da1511df4efb670738afe4a","0x5de4e6beac4f603e3071f1f74e63f72cb82e800e66d961264543b1ed3f9630f9","26","false","bad"
"19835","2025-11-14T09:58:20.000Z","0x9f46d3184cd0f7eb1ec17686e0c6eb8d37948fe7ca2bed9c122430ba034f63fc","0x8792341a7d18da096afe10d41d21412f77b87acadff38552863adfa98f5d5ba8","22","false","bad"
"19835","2025-11-14T09:58:20.000Z","0x45db736ab9283acd3c1025af75348f90e3df3017ad74ca4e1ecfdffb6e71459d","0x5b352df741d13bab80e8bd5b5258fb201ae3377934456d840d55889f598a1e9a","35","false","bad"
"19835","2025-11-14T09:58:20.000Z","0xa3a482ee837f240dece9e68d919fd863f5862d91fa550ee049e49c97046a5d14","0x7f35f1bc263911c0f30d130054bd946bcf59ac17392e9f03a86e644eb3c6f3e1","22","false","bad"
"19835","2025-11-14T09:58:20.000Z","0xad2a2aa51153c414d71bf72804f56ab352f95ea928684054067f8128798e6087","0xdeef1f0b6cd28f8e3efe4519c3523150f6eefc8cb3da89631fdc6b57f5775df2","5","false","bad"
"19835","2025-11-14T09:58:20.000Z","0x494051bc3fac446b936adb811534d12ee9b3d614fd906bc55b29f59c780961d1","0x45fb5a0176dd83bedfbd5254bfcee6a836043d0e84f9617f9ca2a6497bfe8d81","24","false","bad"
"19835","2025-11-14T09:58:20.000Z","0x778697f376a873e5edcb92694776b7dd2900bd6f3d2c3ea91174ac2dba80e09a","0xa744ddb5c7f20f790bc3eee04339af789e3b94f4579924661f6c0f1cd75d1bab","23","false","bad"
"19835","2025-11-14T09:58:20.000Z","0xb8703512700fb8f0e1e8a006e34eaab4d03dee6cc24ae682bc191f1e2a5039ca","0x23571f64d4dffbba74977af12d43e1be8304f46f7f0ce7b061de444a422bcf6b","38","false","bad"
"19835","2025-11-14T09:58:20.000Z","0xf9d767cc0032fb7ae11316e5b5a4aa188325537ab390e39489d671d5c30b2ada","0x904d6d8060bcbe032ebbd679da72e3edfb04e63cce5a8458497bad41ab121ed5","2","false","bad"
"19835","2025-11-14T09:58:20.000Z","0x475fe505bface5925c87cf0501ba88cedf0373065753e578c00c44de205286bc","0x72f2a5abd585f30030bb585c34a594b9dd1c0c5ba1c4a6be988931d260399c63","11","false","bad"
"19835","2025-11-14T09:58:20.000Z","0x1ea22945fab50a0a8bbb6579785fabb5634de7f40d9fa4531c3bdf3d5903dc0b","0x4750497e038a09819aa6d0a8927222a6a5832983fc95a4b7c4aa348ceb6840fc","19","false","bad"
"19835","2025-11-14T09:58:20.000Z","0xd4676a23f7687d85e92b315ff8e54ef0e03cbb74cbbf4c8b2ac0eb8f1e597283","0x615f95d2bdd8a5bc8b1d25eb5107b542f72338b7866386c25edeeb81267692ff","3","false","bad"
"19835","2025-11-14T09:58:20.000Z","0x61b4b9be0c7fb11d207b549dc13e3fd5bff8cc0156fb2ac748e7b8357dbe7452","0x0889169c346c6dedafdb4403132482a6d8a3a923f7967c4192db31ef67278cf8","31","false","bad"
"19835","2025-11-14T09:58:20.000Z","0x8c93650a866520da723c30b3372f79332889f66708543df0ffd412beeb2c9672","0xa61bc754a7070ed3a5e68455827b00200b7656f5e02613ffd7d312ab415b1871","32","false","bad"
"19835","2025-11-14T09:58:20.000Z","0x7db01b7a0132d03bac1c41734071e816174559244b614c4e8c117395c6ebfc20","0x772284fabeedc3d75cb58622ffa7c2d66fd7461bad8a8aac2a0878e5604dfaa1","42","false","bad"
"19835","2025-11-14T09:58:20.000Z","0x1a61385ef53aaddac871a6277238f4ac49acae767941d945265047f8dbf2ed57","0x48fab5af2c8b01e9a4258d1338cb989d65dda4b720c4da11e489eca23d57f8e3","38","false","bad"
"19835","2025-11-14T09:58:20.000Z","0x058c8614133e68f6f6c74c8678143f76f1063ef0a0681cde4d744d3e92f996bc","0xb6f3030b1c226f8f656ec1bcf3acbbf64f4cf3fe89cfc01e98435fc2ce5de355","29","false","bad"
"19835","2025-11-14T09:58:20.000Z","0xa76ce2c890070cea4d4b6a3027d99acf23a176f45fc41bd8f4d5c6cd50affa1f","0x294ff3666c85a05b270a3834a28a46e741bcb2cec9afca1b10059124c62c15c7","25","false","bad"
"19835","2025-11-14T09:58:20.000Z","0xc442629521a260a890b6598ebeaff14907d5b1ec8279b7e6cd6b5610b1e72fef","0xfc1921f9fdc007638ffa53719550b65d71e7d8cc476b26e81185bbcb7c91cb22","28","false","bad"
"19835","2025-11-14T09:58:20.000Z","0x0830bd342c67f0e88bb4008c8b6e0ff74610c1e5b20222212105bef6b1701313","0x6a3e5db8d34b79114228117c334449d5f1bb10bba89e501a40ef594de0a092e1","15","false","bad"
"19835","2025-11-14T09:58:20.000Z","0xea7b29937e484b8d007ab2fd17ca76ba67f2045bf0a3421be7ee90725095b9fb","0x40315d63d7ef5c555aa15022d13752f92a195d34f1864a439ca8191ae05d8c85","31","false","bad"
"19835","2025-11-14T09:58:20.000Z","0xb6855ddf942f8439b2783cffc6cf57f8bd04688f0724c615e938f753ef6d93c6","0x72bb7f620487376e46d839744940c2320b9e5748f13486472fc064ab4b703a35","31","false","bad"
"19835","2025-11-14T09:58:20.000Z","0xbfe84ddaf55d873041e4987a5328891756228904a1179ca614bdebfede4dc3e1","0xa2d1b25642bb9502d717cf6804fc5aeb82f08dd7756943d097750190b2b44734","3","false","bad"
"19835","2025-11-14T09:58:20.000Z","0x9a8470e01526d790c9cacf32d3dc28b4abf2cf5fd554d4c7c91e1459b8549ac0","0x6443adbe55f1875610543980d01b5ddbe2b9db18745840ccdd2008744c101a89","32","false","bad"
"19835","2025-11-14T09:58:20.000Z","0xfff09fb6704ce4021b2cc02297138c1b2ba09f130bbe0a90ad0a61879bcf3f0b","0x5c1e0b25c11c9df755b41318037c1d5abf570c5d46ac810fd27d10a50635b3d4","17","false","bad"
"19835","2025-11-14T09:58:20.000Z","0x42a2c9a938ff0c38488dd22eea152175293fcd456078dd173b76ac85fee12dc2","0x1ae0d2dd573d9e64c008f50b0ace88487ba6b7c9398f8f4264f81a9e4cbb26fa","40","false","bad"
"19835","2025-11-14T09:58:20.000Z","0x19af00d16810b97d0a9f0bc36723c1072ff83f681ec465e0d67d77d448e56a97","0x3e6145ed0f5eb9c26929e68988d84849f39c3ca0f1e1f22f567f9687a7181cb2","2","false","bad"
"19835","2025-11-14T09:58:20.000Z","0x952a71f6c2cac514a185b8ae057e3e2eb7d4e1c708211a69625280b2d7e44fc8","0xd64fa4d61c9687de62bbed557b5bdbd9e4d5cd2943957fc3ca22b4820cf81d46","17","false","bad"
"19835","2025-11-14T09:58:20.000Z","0x1b3f9ecca930b2932214b525b16d6b551f6da4df3122ed595d2768134bf0e94a","0x705160d81e4686b2dac5f7083151482874b44bc782e01b279f63696511d14450","28","false","bad"
"19835","2025-11-14T09:58:20.000Z","0xa25fc5060354a2030d391961a7b67ac591f3b472c3fffbd481cc17b510f701af","0xc4c4bd496a82f2a1e28a05717dc78934a43ca1ffe903e4bd3760527988c1fa80","10","false","bad"
"19836","2025-11-14T09:58:23.000Z","0xecd73fb5d78b4c00dbd083d30b64bbc67f9d436c0a658b1f69e42be8285c5201","0x2891dbe2aef7b90c132458ae7d28256863ede9ca22c392539ce47baf380f085c","10","false","bad"
"19836","2025-11-14T09:58:23.000Z","0x63cb2d6124056a362bd8ff2c5bb3ea322f500c83134e33e9635971650aaa1a8d","0x49e7c435f48c894eb8f8f64f54f01d3d7fc8bee6c6c1c344b2c65ba2ff452324","6","false","bad"
"19836","2025-11-14T09:58:23.000Z","0x4860901e4b1e9483316950f45e9c308413aec4cec88064dc682fa8aa02290fa3","0xb4be6dc2ddf955cd661e11ee93bc36648265914abd8ff108445d5d9fd82825a4","29","false","bad"
"19836","2025-11-14T09:58:23.000Z","0x21b5747479ba4880ec18ccef0958ccd145f869ea7d979abfb0847bcc2bba1bb5","0xc0c23e4ba0ffa7225c07157f7b30129258c05aa1526fec78335f21b5b475133d","24","false","bad"
"19836","2025-11-14T09:58:23.000Z","0x39e58ce4133f687ee97ad2bfda3cfb70e744d3583379d2b32686418ec26a1086","0x413f6bb167a88120c94a352daad5424ea05ed9c9f2015ab5f039cdcaff82db4b","40","false","bad"
"19836","2025-11-14T09:58:23.000Z","0x19083e5f243a9a11151e36cedb24f60fde3703ad3cbc268497a6fac80fa25cde","0x0a601e28dea89dccf462cf26a3f8f58dbef1d349e25c719a2852f43e58b3879b","36","false","bad"
"19836","2025-11-14T09:58:23.000Z","0x0534f230e04adec1a0563b4dbb1bcfcb10b9c19e7915a7d5703f4bdb1c2dd09b","0xf86e037782181c44cf8c59d4a694be5af76a66218460af32c126a405ac035aad","26","false","bad"
"19836","2025-11-14T09:58:23.000Z","0x4e2323363fb05f75ac637e18ef16a657ab9c6b56d5512ec13efff44359efca37","0xb911e50e1a74d3a8ab78fa95de249a0ad409cfd9d10a23714d5512bc7974bf35","17","false","bad"
"19836","2025-11-14T09:58:23.000Z","0xc97871303d52e9256865fed2eeec64245edc9a977014eb091847b088f53b2d24","0x616014a77d1b8bfe5c53a3fefc922659e68178d3bc7818cd08711ae0cdde2f62","9","false","bad"
"19836","2025-11-14T09:58:23.000Z","0xb7c4674e7d8e45b3307dd3f7e91ed719fcc9b2ef089638f3d761fc62e007d32b","0x79499f69d2392125e62f420188e9c35b87f4fe9665e3554c33c4dd8133a76ad6","24","false","bad"
"19836","2025-11-14T09:58:23.000Z","0x9982ff980be448b966795e8551839736ad697f5e771cfa3763419c86cc3a6c59","0x8d83d91d40e64af604bcb85f6110a88ba8ae3ebcca80715a7b547516db87a822","25","false","bad"
"19836","2025-11-14T09:58:23.000Z","0xd774cb6d668b99c09cecb7388d51e15a1206f218b0966372ddf0a0143028dd55","0x473f58cab548231cefefe7bc29721212d0894c3a5f723de5b3280c69522dec7e","42","false","bad"
"19836","2025-11-14T09:58:23.000Z","0x68917fa5ef63b5df3a884971658c88242e20c054ff5badf112a5ae4b1574bb6f","0x306adeca9fefc3c3d7ef8256b0705eb4cfc808b3dcc9b2f548258ee00bee8020","9","false","bad"
"19836","2025-11-14T09:58:23.000Z","0xcec36a2cef3c7fd6982f089f24ed12a7dec02fef788ef9da44a764b5ae5a6cf7","0x086e0812c508aaaace31ddc81e645b9d5a97c3fc6bc2e7baf9cb4e95d8969894","32","false","bad"
"19836","2025-11-14T09:58:23.000Z","0x20927cffab3a6254dd517e9031d701a97d5d3630c8047f6927e39dc65cbff05f","0x7c6910b7dd77bb1279d0910258a0a520e4e8f818a23c6f1e418565f1730a1971","11","false","bad"
"19836","2025-11-14T09:58:23.000Z","0x3db8c83b7d074cfc37f271be704b3dea664ba7386192b3008184b70b277eb3a8","0x0feffb033eb7b8315ad94bf71015087c949241ecc5519f5f811e03c89745ca1b","40","false","bad"
"19836","2025-11-14T09:58:23.000Z","0x863cf7cc07d7feba3b0717f3baa6e0b0cb4ab174090f88088f18ec06fbbf2f3b","0xdc29f1321902bd2bbf8782e34aa950c8d94247b9a2dd09b0fc55d99e036e5f03","21","false","bad"
"19836","2025-11-14T09:58:23.000Z","0x216d9d27a48f18b9386569c180f231e48b7ee10d789606ba7b377f28ebdc992b","0x8104b6fdff873b8048db2059d73493e08c4d39876f42ed8de8e8abe2218db9d5","28","false","bad"
"19836","2025-11-14T09:58:23.000Z","0xd282f94d33339a43d29d4b3c9f8bbbec4c3b0dbccb2a337740f361ec6fa0ef38","0x3c282b783dd589c6211233e2d36b90640ce8739be18546e88371d799474499c7","11","false","bad"
"19836","2025-11-14T09:58:23.000Z","0x1587f0ac1c86bae4bbbffcb6a53a10f36be6a1775d10f204c3fc5c6fd1b1bbf0","0x75336e33e8f1ad5a269e6b55f58751659f9b5894caa785cd84e2568fa2cdad64","12","false","bad"
"19836","2025-11-14T09:58:23.000Z","0x221361fbdbd56e753c44685506843df1312b58104d53f755119b23b7d1af80a3","0x53d6a7d550fdae12e9114e3cb5f607e3a8c0cae98e10fd7e625149b6c788642d","33","false","bad"
"19836","2025-11-14T09:58:23.000Z","0x4bf1d5b71907613224183021c8df2b30299d70974fc9ee0db2bd489073d47f0e","0xc40cb29a273addb3c5b702ef1f907eb00fe67de55d4b285023124c6606d0f1ed","39","false","bad"
"19836","2025-11-14T09:58:23.000Z","0x1acccf1cd8c2b483e0036b1ca14011c0153f207a848f85c27621740d8e506c49","0x05336fcd602b5db81993b743a8499cb1d11d4ef3625d4722bd7ec77ab4871315","37","false","bad"
"19836","2025-11-14T09:58:23.000Z","0x9791bc64e37e8c752f2677c01fadf0ec730a433b1b2d04109e6bffb13bf20dc6","0xdee253df0e0b09479a7adf857d48ebe4a160df8ebeb2ebd2ec2d4c2b371b3730","5","false","bad"
"19836","2025-11-14T09:58:23.000Z","0x32a3c6074b6f85315b490359223ddac351a011a848a6c9b49d40ad526469d88e","0x503425411b014a103ee4d7e6b9bb3e7b0a837394467cf36bc2a8e006b45329e2","14","false","bad"
"19836","2025-11-14T09:58:23.000Z","0xa5e67ba8cdd8bd8b49f79ec739140a7a0a886460e3b3f939fd42d0a9daa45b5e","0x9390f92d8cf69582cbefb088b2fd7e66f018a80f1e2da3e14a269486db954c80","35","false","bad"
"19836","2025-11-14T09:58:23.000Z","0x5c68e7b5576f5bc77007fb730f9b1568afb3706ad6ed90b10764de5fa5f99ae5","0x202d5a71a8cc2fbb0553ed20f6314df390864f3f799456d058bc623c430b8332","15","false","bad"
"19836","2025-11-14T09:58:23.000Z","0x2b43a21cbda37a61945a21809e15a8269039a65defbda3708c31a4600f45d339","0x05f97592ac8d5d99325e5ac44dc4cf1d1e6c10d1387964a459f84cb91c788e2e","33","false","bad"
"19836","2025-11-14T09:58:23.000Z","0x32f7e3bcdbb9d452118083f14a3fb226ff324bb20a5a4270cabbe0793b5966f2","0x5829564358cc080b64cf50060fd6405935ae5c361c82141671e188cd74900c1b","13","false","bad"
"19836","2025-11-14T09:58:23.000Z","0x2a486ceb8b997779fdfe3604c6272d3bc6d300cb198a8c3f9f90d55aed10388e","0x5197ce19a5eda5e22324bee597ebff189936060f1ce813c1b0edbe8ae9d4565c","28","false","bad"
"19836","2025-11-14T09:58:23.000Z","0xf733a4e1cb92140c501f4b09f30f26ef0fc264952927de17423edbbf5c83b0d5","0x542929bb37afa0ce90fb2c29afa7e6e7be02595cf0a06d609a94c96a6cfd76da","22","false","bad"
"19836","2025-11-14T09:58:23.000Z","0x6dfeaec40ae1f43c873aba88f58b62489660396537eb6754c34505bb2ca26771","0x8ac1ae32cd7ba179e95a89af8790b3637f8438e47d694dd9e338ac986a06853e","40","false","bad"
"19836","2025-11-14T09:58:23.000Z","0x6ed4ce620924330f9266c4b7f0de3c38112427b0a3a1e2eee47db3924932f39a","0x0e1a43e447add74e412b6f55e9ed5d701b76d3d1c0bc9515a7892d761b2c11fe","21","false","bad"
"19836","2025-11-14T09:58:23.000Z","0xbc6cf4b9f092711ab210374e143aab2531ec7278cf932cb3adc984645faff91c","0xd49f87a476f4c50775ceb42dfb9a3ba2f04f8141da1cac48102c02d791b659a0","18","false","bad"
"19836","2025-11-14T09:58:23.000Z","0xdf7e680124ae100f2db45e9a7fa7bd114b12c8162d15c65ee8932292f15804fb","0x6931670da55a1904a16679b9c1ec55e391b933b9babf78c1b96b7a00e0de26b8","16","false","bad"
"19836","2025-11-14T09:58:23.000Z","0x9ae446ff9ceb9db8172ef42d6fd1e148af5c2ed2d1cfd8cf45bc47efe94225c9","0x107936e0876b1bdc6588189217a72cdb31d1880a0ccdaa543372b2a317760106","41","false","bad"
"19836","2025-11-14T09:58:23.000Z","0x63c3cf678bb4487efb0e2df79689a1fe94b700dad6ee03d457d0208919fe397c","0x546cbdf512ca6dea86e5a91d122137575dab747fa60dc352812dc99bb39da174","41","false","bad"
"19836","2025-11-14T09:58:23.000Z","0x65914c2096c409b97565543f238ad4702fe0c3ceb878b75c18b54a03b9d0f536","0x8f978c768039e1a5c7b8d90c6f530dc2944c450cc1acef7b4eaf1488df2607ac","39","false","bad"
"19836","2025-11-14T09:58:23.000Z","0x001328d62ac3095e3f55c36ddb281fd21ec5faf707bba847d7eda281b569d03e","0x207141fff10c9090b089e2e5733d3884bcb52595b876723930560ea19e3b304a","20","false","bad"
"19836","2025-11-14T09:58:23.000Z","0x8495db1bf7ca08d838860e38655256ea4d6313211845807a292cc9883aa7734e","0x94d24b518828cab5ee8c4e595c7ca389826b9e04288115c9ca27a0d2b85dbfd2","11","false","bad"
"19836","2025-11-14T09:58:23.000Z","0xb099daa2115a8d4b6039e9bcf5f518dc4afce559df1a2484642ebb09c0c072c0","0x164b046e5c22ce33c72a8e29d0e7b62a9d6902594a086e8860d070f7544f36b4","35","false","bad"
"19836","2025-11-14T09:58:23.000Z","0xe7e0144f7f502ecb85e933de645da704e9bdec5b74bd98551f5a5ae3e36ae259","0xe5df55897fd4522ad0c1f17df335947c9dbe0bda61f0e66359eb6676720e87cb","17","false","bad"
"19836","2025-11-14T09:58:23.000Z","0x662634cc6db7c0015d6d29f9a511f043617011dc5db6820c1e289d6eb1d548fd","0x2a48b04f9cedd40025232fd5dc2e830d5f0ecf91c53c93bdfe5c1c4990a8f0c0","21","false","bad"
"19836","2025-11-14T09:58:23.000Z","0xfd40fe3663e98348431d5424301b67e5a9ded5a0cb16d109666acd02fe73231b","0xcf2d601a6037d882ba5cd25a2ad9418fa2a52b8cef5f498863529ab310a225da","4","false","bad"
"19836","2025-11-14T09:58:23.000Z","0xf41e50ee239285920ea724b1a054a8eab990abf725339629b9fe9f0b87e69331","0xa3e6b70a73c6c389dedae359a6b92ee753f49f0927dd8f626a73be2614a1f8ab","37","false","bad"
"19836","2025-11-14T09:58:23.000Z","0x4a6800b9c23210c8744172383b1e26e8d20dc53799844596afbd801900f093dc","0xea21a74b57d3e9b4fe4ab0b04cca0355be8abb059cee0adc8cbcd0be772220ea","38","false","bad"
"19836","2025-11-14T09:58:23.000Z","0x26f4befc6d9b5fb8a84896a3202e716d1b455b3eda4f88373285ec254895a5b6","0x5ffb612f2ae39ef5905877dc81c91c148acbf7dddbf3d835bca8fdd8192faa22","4","false","bad"
"19836","2025-11-14T09:58:23.000Z","0x43769d3e6ad0a1620f686ee3962dafe3170ca70515c4c02766f387321a91f6af","0x6fc4499558a959066b14018483b1733623dd92d8e1d172804203de5c92dd7781","2","false","bad"
"19836","2025-11-14T09:58:23.000Z","0x092fc7acdc1e8727539c2bb57954bfef9eaf54c96694b1154d1fbbb733be6a05","0xfe5a29d5b3adb761dc535fe61df9a9a71039a3e2bd3ca87e38809fcf24864760","28","false","bad"
"19836","2025-11-14T09:58:23.000Z","0x8bfa178d819ecc12fa69d17f5baf96676deae67dfec7c6eb86faff225370af45","0x3001afe8a9252aaf519cface90b83ee1d7908b57d70baa4d702ae2291c52ee1f","25","false","bad"
"19836","2025-11-14T09:58:23.000Z","0xba224b144e415cc704130e6a2486b9f92582824b61b98c95546dfad15c7b3f1b","0xe48002e25f158abb78e633fa76607d82ab9412368198769cdd960cf738d54243","8","false","bad"
"19836","2025-11-14T09:58:23.000Z","0x52998ad63ec18b6867ab2ce80c0cbd2804e9d728272f7fa8bb8ee58b2211bf1b","0xb7c28a95637db1a2f157dc9efff3e547b91ce1b85ba1a295d4554f034fa2f937","15","false","bad"
"19836","2025-11-14T09:58:23.000Z","0x4ebc875e8a7b62b6ec39b95fdbac884806ecc02858967a445eb0f78f7962c2bf","0xb0f0c25c4aae2e0a88627188336d852052f3cf57eb5f0ddb5ae827e18c4aab61","6","false","bad"
"19836","2025-11-14T09:58:23.000Z","0x6d643b2d8e206f6a6b5bd31080c5ba917f004d730b5cfb657c34a4d1e850d69c","0x15251a883211eeadafb4166c6f7ac2ce8e4aea0282b9aa93c003db4f5dfe0bd7","30","false","bad"
"19836","2025-11-14T09:58:23.000Z","0xc45b95ea0007d93cca4bb2f7df762d35a2f8d6b104c3fb4284c904c7238b7619","0xc112dccdc5b2a3f5b571702083911e3f64791305dd0a23b99eafe198962f4da4","27","false","bad"
"19836","2025-11-14T09:58:23.000Z","0x7576c6b819dfd26a9ab5785df3d0bc82766a7e6d1e5b9f3b5eaceb8a5dedf077","0x5a28e9c0509dd3e9d6dfa1bd461242d05b9feace5d1159666c93a56f1c6b336b","30","false","bad"
"19836","2025-11-14T09:58:23.000Z","0x26a3991e141521f49534618f7bc0e873297c239a675e4eb2f47faeaaba12124d","0x5d1ad790a711a19190b4cc19c4c3e0388ca371af2a7fc364c8e4c204566d3256","8","false","bad"
"19836","2025-11-14T09:58:23.000Z","0xf9318242db33acffa1602e90d249f0eb64a54fc7ae720e2eba889b96cc973427","0x65cacea9519e063dec3d43f0e8202be84636d671b8bd16c1b96ba787a053f322","23","false","bad"
"19836","2025-11-14T09:58:23.000Z","0x167968420f4ef5d306da7824ee0d2556fa6914e1aaae81e1f016344d91e57e37","0xa100268ce3b01060bdf5fd44173dea50de9eaece0ed403ffa1be1a513460d6a7","1","false","bad"
"19836","2025-11-14T09:58:23.000Z","0xbbd6a7116e7328e50b09990b1249b0c86b40a1dd073df4f3c9de30d2b53feccd","0xa82720268c0d8a05c304898dc0e33d08cd16764e2b6907f99b603797a3b97dba","31","false","bad"
"19836","2025-11-14T09:58:23.000Z","0xcff8e7ed31897dd7603be45261716e121de96e98ca39fa0e0fb39ffba353c203","0xfab201b7382531fc00b7706059a104655378c63fb5c7ff77ce918d199b084fa8","9","false","bad"
"19836","2025-11-14T09:58:23.000Z","0x85358d0145a8636e9040c473914d39f4ff40be5beb1b670212749c3da5ad58dc","0x75fe941649f5e317a2fe6027b9db1473eface16c3eb61c9cfd3bac2f9755e1e5","12","false","bad"
"19836","2025-11-14T09:58:23.000Z","0xaa7a4a9365c0987548a747a451c68a0667ba6830e662da41230ef1b6f447926d","0x7509b65ac2d99d94742fafab6e9125b2666a68a7c920d8ab5183dfd322f9070d","6","false","bad"
"19836","2025-11-14T09:58:23.000Z","0xaedf08a82419e541ff87f48e5369aec615c18ee48f682505af1c6d8d3206a671","0xd1f914e9c78c280f44ad3855293ed4914781461fbc9e1b59af31555fc3b14363","15","false","bad"
"19836","2025-11-14T09:58:23.000Z","0xd271218739caebba44adea927c7b753c1157352e2aacdecc5bef83c80401f07a","0xa0354f5bf8d11e624c049a2ce2b5df900ba7e205d0d9988e370fcf44fa09c018","34","false","bad"
"19836","2025-11-14T09:58:23.000Z","0xc7ea86c32bf66635c4cd334793148033826d8203a593c86231ff3646907670e4","0xc1b1af361559bb6db28f343a0bf30576652d949cca5c4f9e15c6eb065b3f4e8a","12","false","bad"
"19836","2025-11-14T09:58:23.000Z","0x495f3f80b7f50c51b5b59c15c0426fc93671918655c3d326944e3d9ab3bbd5c5","0xa6a65cf404a52b3a2eba6d0c07fbdc3ed4acc2efdf94bb1f2b472bc17e79a975","14","false","bad"
"19836","2025-11-14T09:58:23.000Z","0x7da18d66044f6aaa76a2a69ee62b7d09d49cc21ec6718449deeffbbe594f25f1","0x8cf940ea131cf8703a828959354b5223778a096904d17ae251bf255393cf698d","2","false","bad"
"19836","2025-11-14T09:58:23.000Z","0x2564f1c8627d8fe4ce0cee0b26edb00f28614fffbd8d0ab89a54e422a5de23e4","0x30708f8ad40108a45e2a8173799e9f4da8dd933035036f3d07832163f1385394","19","false","bad"
"19836","2025-11-14T09:58:23.000Z","0x49fcd826d8359d86849f365bdaefb874ea90938b9d55238d8ec72d7def59ab56","0x6cc596d31f877f8d00c58a953779502e322debd7d1d6125598029e07b6da0841","21","false","bad"
"19836","2025-11-14T09:58:23.000Z","0xa83b249c590094c9e92c4a5032863f97920a2544274d538ebf4717a1741e3cd3","0x7f3e821b944b45fce062921a1fbe84e0da000e29cf4a70b50d354dde70825c7a","3","false","bad"
"19836","2025-11-14T09:58:23.000Z","0x726297cc43fdc9d9c9cd4c2eb2c4cd24c8f971a8d65fb1ae0d09d07324d99c6e","0xe07cc484a520e357fdad825cca391b1519b13566fd4046e0f24883db9eb8580f","37","false","bad"
"19836","2025-11-14T09:58:23.000Z","0x1b858dd2b08c7ca355211ff1dd02ad4c3d96feaf633be2b1d1c93ec54a107cab","0xefad8bd4e71d831f09b842dc05fc0b89298769ef726b565c70ff891f9f962505","21","false","bad"
"19836","2025-11-14T09:58:23.000Z","0x85ba6ac7913e448e0155377fecc9dd59ae0e23ad8c473133e7f3f73de23d8223","0xfe0324c6ff969e89be324f4b4e69140fb2dcad0f67c29eb1765bca2b7275ff29","7","false","bad"
"19836","2025-11-14T09:58:23.000Z","0x9d1382d63a1e8856d88e86eb7e278918206fefe2892e45dff744ff764794f4eb","0xae4e3d923e3ea95f882dab9eb5e49384a664c29044912d88cc7ff9d42ec69751","2","false","bad"
"19836","2025-11-14T09:58:23.000Z","0xf5e642886ef44756cd9063751f13899f0a86b68756c54dce6492819f61ce5611","0x0f163d42e38777e0af5648d872a662114a54e7fe67c184d74c34b1c2eae3a43e","19","false","bad"
"19836","2025-11-14T09:58:23.000Z","0x5a3913030020082ba3d717ef4e95b2a50226b8af31b85fb9ca77dfd70680e260","0x9db855e2643fca402ef27475ff6609a91877508661242d31228f93297e0401e0","14","false","bad"
"19836","2025-11-14T09:58:23.000Z","0xd2fada78ab57c9a9b768285831c2aead4f524ae11eeda32c4578c981e8bd7827","0xe8a1af87c7cb8d4567897bbf89928fff106741ab18bc65a9cbad136fe7963846","28","false","bad"
"19836","2025-11-14T09:58:23.000Z","0x9dcaa1a5d49097aa4fcf6a6adf1df98d3ac474223f2b2cb0a06b5f4d75e0d427","0x55557d422c9537976204686c1ff29e762527d6ede9a27db4f8eb9f1e72860b5f","25","false","bad"
"19836","2025-11-14T09:58:23.000Z","0x021481087966f6988a4636cf865c4dbc9987a5b2a7ad5f9e454f282b3b83e52e","0x6034bbe4ecb6b31291fe12f94b8b1c053d5e96a9746a8b6a2bc8a5e0945ec233","39","false","bad"
"19836","2025-11-14T09:58:23.000Z","0x804d6d14b1ff4829829fc4c0b302fb97438e0b3d02263ce43909ecf7a644d3c4","0x8ff9cd74b4cbfecf05f65e0379388b65fac9a2eacb19a66dced64ed86d150f51","24","false","bad"
"19836","2025-11-14T09:58:23.000Z","0x0628be7ff1cc353d98aa91ba7766564881b84f7a310623fba8374b549ff51efa","0x6c09a7bc5edb824870c34acac5df4bc4ad9a63e2b8f54780406d0d66cbdbf4ab","30","false","bad"
"19836","2025-11-14T09:58:23.000Z","0xb779cbdb4de01131fc4ce11b1df2ace153c58a0fabda47ec55563cb7dc275b85","0x7bbc46913b60aebce4e98dd5190a1de6d3368b5d65f83319a7e88bafec114b92","22","false","bad"
"19836","2025-11-14T09:58:23.000Z","0x3262039e8b1da52bf2ca64c0e13a9e202be6f646ac0944d7a6974ac9dff3e282","0xaca3878c05837f0f769a9051a0efb0175518a4d11b495b3ec4f8a61c95f8b1ab","35","false","bad"
"19836","2025-11-14T09:58:23.000Z","0x3706a7971110fcb69fef43e6b81770997978879f95134cd82d77b9d483a5a197","0x29c07366d18dc51c97d42f43e55e56b91937d03c98a67ff46391b9f35516fd6b","32","false","bad"
"19836","2025-11-14T09:58:23.000Z","0x28724bbda95c9f97b3f18058702da48cc769f5f32a0a44b4c2bd0339e754d7d8","0x3aaeec6100bb11f4aec1f3f0026cda2644be6dbbb5faa5a0fe4cdb12cb6f1200","22","false","bad"
"19836","2025-11-14T09:58:23.000Z","0x9ffb540e96ea8c482f9b793940e93721de745a8705121ee1722f1f0df5f58a2e","0x7f6eee87fda8b4b6785a67abe44e4180d6ccc1bce78e79c729e9ba3815985de7","7","false","bad"
"19836","2025-11-14T09:58:23.000Z","0xebecdcee0b272206957815e1987ed84c8d514ba5aacbeb4158dfdc4ef5e64899","0x6adc93c20483545e07726a2d0a2774558b46d4ec57c8efcdae510f37069ec94c","23","false","bad"
"19836","2025-11-14T09:58:23.000Z","0x072f03d5d356fb6255853a05090fad10ffa6b9e25a330d1e8ccb5d63acb04b55","0xf47e7afd3f5346e49992e26105bbae25f4ce82035a823d5f8d2b33525f118aae","40","false","bad"
"19836","2025-11-14T09:58:23.000Z","0xb2e95542872acb1b107c7f401f1a52cd60c4bce30b8ef1ce9be328ffda634786","0xeed2c0f15e64674860f65e495e094ff29395c0a8a1ec58fde99012362480c371","42","false","bad"
"19836","2025-11-14T09:58:23.000Z","0xe9dd4b082ebd9cbb409d8d6a49a1aef676c69f8c7ba002b7cb466c3a8e1adc45","0x72a475e9921ca5013834fe0db1ef9e677f68d345fb44beb2c7b7a21568b49795","42","false","bad"
"19836","2025-11-14T09:58:23.000Z","0x3a17e74c0869445fcd5a1af087335a0cdfe36bf821b7959ed7927e0915fc4c1a","0xb0742a578a860801569534f7aa0eac01b54bd76918ee4ee3124e508e22df49b4","26","false","bad"
"19836","2025-11-14T09:58:23.000Z","0x783b9bbb883b55302f952b79774ca8079768682676e59151407ccb2b360700f6","0x31d3399f4ad71e00ad2aa9f2866457f4386ff1c3988804d794885f5e216d92c5","13","false","bad"
"19836","2025-11-14T09:58:23.000Z","0x39955da7bcb193db2e84b9ca4bb1d8057fd85a0baf576f0789f77573b713a5d9","0x26ed7531dca4e2c99f80e4579086927fb50d6933180b7aa52ee344179a561e90","5","false","bad"
"19836","2025-11-14T09:58:23.000Z","0xb3f55c14fa20108b0d0f0dccfb29c7526fa7b0135aef4837b7de06d75fcbe586","0xe3a041b527c5dab92d7d02185aeee27c60c626a6e6637c87fcae27f50362c3a7","2","false","bad"
"19836","2025-11-14T09:58:23.000Z","0xb71191b292207b6c142d9047b4258b6fad64a41a2b9d78c29b7578d429b7bb0f","0x7547b1bf2da161b394755533f91e289b414392031dd7b743fbc521204d452421","28","false","bad"
"19836","2025-11-14T09:58:23.000Z","0x2c2a1a6534cf06159fb614eb276e01d15cd74aeae00845fa78bb223f710ba24f","0x57cca2503344509a1d38969381d4bad0b4e542e826446d87dc94b37320d25faf","4","false","bad"
"19836","2025-11-14T09:58:23.000Z","0xbbaa598fe488a1c601176749ecf9c834a24d21436d9f8a3e79bab8e37e06fd1e","0x0249af3b230e212ec8a54c365ec68b45bb4dab19b41a0478c6eaa273e2fca334","28","false","bad"
"19836","2025-11-14T09:58:23.000Z","0x3d362e9af541245e6cac76267c019aa288de0e77ba9b1728dc0fe3012db70995","0x1d1dbf1dbd6b62e53232a16731320e25e7944d5a4de5d299e8ed1d13ab31d63f","2","false","bad"
"19836","2025-11-14T09:58:23.000Z","0x18712e69658752306b26823b75e0b7e15c173195a09c49b13a6774fb7f757c57","0x6af40fb2581bd2db3722352249500aa32068a0f098dfdeb90769c027acc86fe8","30","false","bad"
"19836","2025-11-14T09:58:23.000Z","0x8b042bfdaa5e9a03120431eec0d2b81e34fa67bffa80f655f188a31ab08c2dae","0xda3a8249b428b306db665d72b6674391750671a9037d819c6915ef017d859517","31","false","bad"
"19836","2025-11-14T09:58:23.000Z","0x63403b240e067c505b20deb4fc9ac6b87e3fd284a84305e38798bbb57dda15a5","0x62ea6d6092abab755a6e24b9b4d79844dbb7ac001460e51f0c9c58668f3ab464","18","false","bad"
"19836","2025-11-14T09:58:23.000Z","0x907d4c181f609c1faa80a8829589d439c1ffbf386278ff5733bbf1d70bf5e928","0xea1dd5e43653c1be0a3bad22a180610835a3cd2a0b37674b93319f0c8a262d92","28","false","bad"
"19837","2025-11-14T09:58:25.000Z","0xb75b20068353dab75cd2354004c3380d004dfa66887798ca9874114764ca6896","0xc806f7bf5b304363d260885a3661de2b3da380c9b44997ba5412d00e8143c799","27","false","bad"
"19837","2025-11-14T09:58:25.000Z","0x2ef0ee54fe91a61609fcad6f7518db940dca781523f2e3c3c1af1093acc1929e","0xd8d023b5fdf9399c578326fcf234a1db3441f345a9af0d12910f230493389ed1","31","false","bad"
"19837","2025-11-14T09:58:25.000Z","0x1a9f617142b403eeb7c21008aa96f0eecbb288bb708b462867c19fca683e64de","0x3155e63a28a6c408d0c6394310b9fb6c55b9e712983df134f51b55d33b891e27","33","false","bad"
"19837","2025-11-14T09:58:25.000Z","0x8a30ee200e7ee1eda93e2d37738e85adcd576cac2652216e4ef66894cea152a4","0x9c28b975997e381eb0b9a5881edda3054ed2a34ec44e426f0a1a9d103315d55f","5","false","bad"
"19837","2025-11-14T09:58:25.000Z","0xabb1b1567d22f7f55fe2952388f931aaf3535a24b6ad4fb84134148266f22375","0xa92e570abe68aae582ad8901ec089c9dfa519c9f87e9084b64659fac66b71b9f","34","false","bad"
"19837","2025-11-14T09:58:25.000Z","0xfd52c8b05c25d1b8dfaa382e39d911ceceda262a9f81304e86546cfc8de6485e","0x3f71499fcd8739fd0fd53d5029b3903cbfd735158e916caac39c6380b21de302","20","false","bad"
"19837","2025-11-14T09:58:25.000Z","0xbfc3c744f79cebcf7f9ab4a1cf8e0b9cf5e9bc21ea300c87d55028d93496fb14","0x440a93dcaccefea7c6f132f6d3ccb53a60ccabc90c38255b90eff724807657ec","30","false","bad"
"19837","2025-11-14T09:58:25.000Z","0xc7f069786793235095be5f9f7bf137598d4e4e641be80e15129b6c5899486cdc","0x10bf37b3a1e0bbb2bcd7ce721cf673f47411c239e89e704663c6d596c9592137","10","false","bad"
"19837","2025-11-14T09:58:25.000Z","0xd4bbef0c3a12f20d38894607529efc0a4a2bc1594e061e9b8a6d87e0c4195654","0x4fbe8b86e1278ecd34a073eac4985491205298422e3c55afd3dbc70bef661584","6","false","bad"
"19837","2025-11-14T09:58:25.000Z","0x06521a6b6721b0c3b241a9b46b2d8baa681be004a215088eda026ddb6d6ef245","0x2f62866ac20b874b1a345de7e6268021cc1d7fd06b6ab59e74dc7a3c361bde66","30","false","bad"
"19837","2025-11-14T09:58:25.000Z","0x660d40d3c6ca044adb0be19efab1964333d93fd369fb7e037ca8041cd5be9589","0x1c61238f338de60484152fd9310e8e84500908f1fd302c98c6bb4b7567facfaf","2","false","bad"
"19837","2025-11-14T09:58:25.000Z","0xb74203b514bc6ab49f8810cde9cb1bf6650d342b106c5b70fbc06d90f2b3070b","0xb4220a4f5f8bdd89f845dd69acb5cfdf4c6b9937cfb0bd1f8cec2d61d4691104","39","false","bad"
"19837","2025-11-14T09:58:25.000Z","0xc786e64be166641529a915a1dc2a11357be43f9287df537507db35761f6fb323","0xec413415c7a50c7f98efb161d1f08cddb651a96c7eb77e3a301d476964050d5c","40","false","bad"
"19837","2025-11-14T09:58:25.000Z","0x23c23a859a1dfa7c5f9d2bb16d7965382417962497e23b80b5d1450c47690bf9","0xefa464d16710b9b09bbf894a659ffdf1b4a0926e32e75fe201151bcad1511b49","42","false","bad"
"19837","2025-11-14T09:58:25.000Z","0x9d66b646976b207cb92f012be48ec4f3c08f2b590350a7bbb52ad5619912b37e","0x1d38247a1770c4fb763ec7002d8eb4bc65e3b5bbe39995f04fb49613baad3fd8","24","false","bad"
"19837","2025-11-14T09:58:25.000Z","0xf477343899b4d84539f100492c627c8bdf24dd6aacd7d076d968fa991d0b0578","0x9e113317a0103ebdb247567621571a98075272d779d3c655b8a12d2f21946673","31","false","bad"
"19837","2025-11-14T09:58:25.000Z","0xbb590e661be289551e02093ef60efbba27a562438d23d92c62972418c71e6965","0xf00dad4142a8804c79191321158923573efdd8b32b4dddb7d9b8f9e7cfbb0dbb","41","false","bad"
"19837","2025-11-14T09:58:25.000Z","0xec015cb7d558cb08947f2785cf95c91aec61da9a02b91846b19e9114e4c60d7b","0xc1395523637bb863157175d89015db391e6e03480a6e8058349f744aed477d71","25","false","bad"
"19837","2025-11-14T09:58:25.000Z","0x5ce5f8822d2335e3f59af0cf7f8b2b7ef7b135c9376255cef25e48b66a842a9c","0x2086ff9c64a847b65c903b98f70fa8bb7ff962d7295707c7afad0849f24bbad0","35","false","bad"
"19837","2025-11-14T09:58:25.000Z","0xbfe4f82dd40fabd966629dd51ab2d7d0361fae850eb32f37b4fa92a4154cadd8","0x3900638aacaaf183f1bddd77e5084c3d227a3c3e69a7a510f852bdc64deabfef","39","false","bad"
"19837","2025-11-14T09:58:25.000Z","0xe164cf9b2e15dd7ccf129baf631fc76138fba2900bb634767be858ccca257eb1","0xab935eb82445d5322f9dbf231d8ee59fb0c5b6a700b56a4262e289ad35dc3d7a","28","false","bad"
"19837","2025-11-14T09:58:25.000Z","0x95cb12d572ad664099887b3c9c291bb648babc474bfcd200ab3d72cb506a4534","0x2e1365e4cf8b8f76ddf800e8583da85211db75ffb8bb40d7d4f6943e537fdc50","13","false","bad"
"19837","2025-11-14T09:58:25.000Z","0x4842978b0f249d6ed762bff10bd6eb7b62664f2dbdaee81b6f41ecfbff54343c","0xb7c9de4f0953b4aab8298deb341ba8076ebb82fb7f418d0ac0926035162b1de9","13","false","bad"
"19837","2025-11-14T09:58:25.000Z","0x3e62383dbeb83e683ea252d8436ca47b779b43f73df1a678118d809fc253fc87","0x2fd0669b6745e84f1661ac1fe08077454d427501e89a011ffd54a0147547d027","8","false","bad"
"19837","2025-11-14T09:58:25.000Z","0xfa03dfb7e96d8a27bc556bfae3a4877cc970e50d057ca613cc5397b93a7e3623","0xcd1732301ce5a93ccca7789d90ebbd8028fa40166fcf44788a0b199675d9b95f","17","false","bad"
"19837","2025-11-14T09:58:25.000Z","0x9e055c04f4870e5afb9064ca7a2efd32264482f5dbaf29fe61beebb2d538e37b","0xf639838151f00800f7257307854cecad7dd95d028c4a70c075b62e338bd3758e","2","false","bad"
"19837","2025-11-14T09:58:25.000Z","0x7e64de04746e9ccbb7578cef75b6ab5ddd1b7a7188d5d7b599d6b661e4378c06","0x46370dd6469d36593012d925016fd7469e661e74d8fcc914ae53942126ad2f39","4","false","bad"
"19837","2025-11-14T09:58:25.000Z","0x84a0d8fbaf6b6ad665e09dec1ed956f2458901d8709b6fda8feacd81e53a11e0","0x7dcafb8dbfc646828bc640b285bc578c72b48dd95349b7a3a00e24916fabece1","26","false","bad"
"19837","2025-11-14T09:58:25.000Z","0x6f633113715069ab717e268691011f95e083d0750bb8fe40a5196840516abf57","0x43451ed1cc9e3db95bf7fc6f3f7351a39130c7d18ed27bed0de8bda963655c05","21","false","bad"
"19837","2025-11-14T09:58:25.000Z","0x563068b8d6469959ca2ab24326a5cfbe9ded508d286189187cf3ec9d34aebcc4","0x3fc46021cbaedd3e898cba7ff79a5999c1b890a338f1a9fbe68e0538043fe134","5","false","bad"
"19837","2025-11-14T09:58:25.000Z","0x807b0deeb53b2bae9acb0d3be93f17ff896f0a3cac49d26ea49a5ce496091a57","0x8ff4d33dff5e7a44a5bc8d61cedf1e1eed7e7077ca5de4aa17e531b192a75491","5","false","bad"
"19837","2025-11-14T09:58:25.000Z","0xf7ed7f1b4d9fb5bf36ecab315b660f152ff96f438632bd24fd927891f9029e21","0x7da32815b14e1c937ef84a54136df6d3e7c8bde441f0083cb7155443dd3d460f","31","false","bad"
"19837","2025-11-14T09:58:25.000Z","0x5306c9f56fb7fb5f3414932466584a6d48416599682b3cbb58e48bd915b464d0","0x983397002d636debfef9167d0586cfd639eff047fcf1d8da327cab856f1d8265","38","false","bad"
"19837","2025-11-14T09:58:25.000Z","0x85ec6373f0a185acfc06359ab29b98ff817c7293a4b0226ebd95cbefc05b5454","0x5da46ca4dbc8ce3202101c7d27ec0d57071f60cab882143776030d9237ed7c84","4","false","bad"
"19837","2025-11-14T09:58:25.000Z","0xcf1e59ec3d223ae8914f0460dc73920e7f97d586f06dd5905f5da16e2a2d7c6b","0x80034c95ce6f367a3f589eecfdd8db912cca48f636d39ae70f9d5611925e4a8f","25","false","bad"
"19837","2025-11-14T09:58:25.000Z","0x6e7a545d4b6f34bfbd77cfe710804ea38db59bf38bc7413d47a53714e6816ff8","0x7de3fdf8095d7f94e854a85ffb18408b397a84451eddc14437a5e410eb3e249f","1","false","bad"
"19837","2025-11-14T09:58:25.000Z","0x8b29f031556932706f2c3f531a1e9c82dfcdc7dfecc2ff6578425c9f81a46d6e","0x5f3e540fe1c2f77a105b2d0fbbfacd44643cb17cf06aa67add060a53b3623faa","12","false","bad"
"19837","2025-11-14T09:58:25.000Z","0x774ca3cc929a42b9991a15aadbd9a48be422dfdd34f31cf6ff9f596213faa308","0x1cef1bf7e880789ce837d7086525d1d7685b62dccaf923cb1ecab02550d2edf2","25","false","bad"
"19837","2025-11-14T09:58:25.000Z","0xfb0c7796605d00c28c7adb43c9c48faa71cdeab4904c7e0d44b8a3be1d7ef8ad","0x67222ef837198ef01b3e1314b500b1575e619fa72ae9fd8a14253e919756fb64","21","false","bad"
"19837","2025-11-14T09:58:25.000Z","0xa43dcd6e5da942c41f950c02dadbb35fb37a4c217b630e669ce1e88ed72c71d2","0xb6e6eb62e60cb3e183bcd341b55264b83b168909f86682cb392e9fd7b7c9d9e5","34","false","bad"
"19837","2025-11-14T09:58:25.000Z","0x520d6c50924440730125a9619e204b063e6631e9e8c0074e79669d3f33d8c062","0xe3d09d0318fd1d84993260c0227af69810665b71fd939a55bb3b7bd1fd1a6202","34","false","bad"
"19837","2025-11-14T09:58:25.000Z","0x29038e27658cde0917eaeab57928e2fffc89b6179a6d516d60920f24e0f8beb2","0x85e7c5fd47e0bf0cd9dbae96c3514f6baeba4bc46c5c26088f536c37e98258d3","10","false","bad"
"19837","2025-11-14T09:58:25.000Z","0x958e352bc774d8652a0ffbd2ceec6810928e7118fda670a48d3351aec5f6215e","0x21fff43b7802eb2d705408a6a59cac34f9119fc6ac10a4353269d4cd3e49b22a","39","false","bad"
"19837","2025-11-14T09:58:25.000Z","0xfa66665257d6383e496cb6853eb7c42b3ef79556ebf93863a22268b41f1e85aa","0xb280050e96249f8f9691ec1dfd5edc07487ebebb1690bf05a83e96ca49c6d544","1","false","bad"
"19837","2025-11-14T09:58:25.000Z","0xfcef223dd0a95451a7708aff60d7ba362c8f722ba3cf78fdf9b91837ad932723","0xc0bf92e870258b08bd9048ac3ef2237d1daf5e4eda910827eefce82f98d15849","24","false","bad"
"19837","2025-11-14T09:58:25.000Z","0x2a07d33e2a0ce1ae1a82aa7bbc2a96a5768d3f06d225ceedcb07666d671f6e37","0xb8b6f0ad0ce728e79ef8ec2199bf10ff2e01c4adb312066359f9f0c0c2836150","4","false","bad"
"19837","2025-11-14T09:58:25.000Z","0x95710dcf27365a37e28dc37d7642223e306fc0898638cd0367e54d6ea87ef004","0xf9ef8ffc6e33d9d70babe93e9e5a005f66d2b83ebf937208ee173daed4f9d2c0","10","false","bad"
"19837","2025-11-14T09:58:25.000Z","0x26c99a57b3dd7814c567144289a2a230d124b10687f7d665073db43908f16819","0x7845e1f6e8143ece194a691947720ef7fd64d603715ce631c379ca560791ac98","35","false","bad"
"19837","2025-11-14T09:58:25.000Z","0xa6d09692f80b4f0f0553a404b40ac572ea92bf8e9ca3b3ae6b594be1f9e99a3e","0x5d6e90eb2d0b8952a35a945258688de52ac8c71f5751681abbd7d93ec32e2d58","12","false","bad"
"19837","2025-11-14T09:58:25.000Z","0x0820a171f2d58b2146756f3eb20cf170df88411cd89dc178b501d08f93d8725d","0x312746cf0ed1b79c452e7fe011246749c1e09cfe5aad4bce71fcb6dd7cc17871","26","false","bad"
"19837","2025-11-14T09:58:25.000Z","0x03ec4961e431d720d908330b72fce9d834b34e12eda15a165323e6451b6d3240","0x45c216e371ef6a9e78f334977c89ca4295ae7c888247f34851c99720a74b509b","32","false","bad"
"19837","2025-11-14T09:58:25.000Z","0x2e3ff37c1d4b8592dc102c8bbc5e258c4bd345579a1836705b32b06dca989895","0xc8084608983b89b304c2afabc8467b419756e7a5ce74a7a6d7f2edf10d92579e","42","false","bad"
"19837","2025-11-14T09:58:25.000Z","0x787083f4dab162029723d31719b80ae65482a4780d836ea7e07e6ce068ac4717","0xe48d905320064e5ef7c1133cb191ccac6b0063a26c517a335ebd2c1cd649a416","13","false","bad"
"19837","2025-11-14T09:58:25.000Z","0x858cfd1593c2255ccef10c06e73c4b171f0be30a6dd217ee9de180e04142e092","0xf7592b5aaad48e5fb7af5f43575bee711d4e7b00749c4cf079c112a2c8041fe7","20","false","bad"
"19837","2025-11-14T09:58:25.000Z","0x740906e1ce08aa57b54d0754a5d983896218435edcb55d1144a698835cbae890","0x55b84a88132948d20c3b883faa1dcd63195683c33bcf2ee5e4f953ff4cbc15ec","42","false","bad"
"19837","2025-11-14T09:58:25.000Z","0x70258511511175cb85854d1f6b2fbb0d55f09d8de4f7a9a80a7b605c6134533a","0xd51326b704142dc814043cf2e8bccb130f6666145567dcf6c64316c6867ba27a","40","false","bad"
"19837","2025-11-14T09:58:25.000Z","0xb85a9910dad07dfd1346d2d4aa42357851e351840ece38e8ee8c537c88604356","0x133f79ffe9f667b2ff38e882de74141dd7ed3c06e7e5b80aff561654921bb58b","41","false","bad"
"19837","2025-11-14T09:58:25.000Z","0x9e03dcdec420ff63e9e9e1e64c8f5fd42b28612cce7389a546fcfb9c477ce26f","0x777acfdfc265b604c6a196209a5b2f04e309c7c0b78b951489f9785c63ba23fb","21","false","bad"
"19837","2025-11-14T09:58:25.000Z","0x2239397f7b0ca3ee5bb5719e107022c8ce4582b216d47350eb67b419107abb5d","0x89bb4a7acab8f2217dca0291976c6778c1bacb61e561630eb11eae53fa9ac0bc","15","false","bad"
"19837","2025-11-14T09:58:25.000Z","0x44cd3f16a71fb23a916df7259e0f73a75d5f602ce8789801011bb121e501a1b0","0x673fd1b96093c6e1b7c51478e27acd79419661d1e0917735778af04650c1cca8","20","false","bad"
"19837","2025-11-14T09:58:25.000Z","0xfc9059d40066fb8dd37abea2d827793360a7ed248991b5a5cbfe3c28ddd21b2d","0xa833ee0cca52ab03281a8ea055072a3b60390fd77aab7ff9a10cc5425387f4db","23","false","bad"
"19837","2025-11-14T09:58:25.000Z","0x02ab9d431abd492f6e32541db11fd104fd19c7487ee337fb4a542dc70dce514b","0xc2ee7d21d1206e38a21d30f124c84b3fb7df55097892dbba8e9a6f450ddf6637","17","false","bad"
"19837","2025-11-14T09:58:25.000Z","0x4498960a12a93e9ba7d42caa6b1174a57468a3b3a79eb0063e82bed9588f0833","0x6e08086f39d6a6482a1223e44d7f6deb70c666dfa747cbdb5013d6830869991e","9","false","bad"
"19837","2025-11-14T09:58:25.000Z","0x4bf92b9f11ed4dd84549968ae8d9b9b975d05f3749d9fc2da99be6beb4c4adf2","0xcc55d2ffbe40cba275ff7160e6bee46a6d18ae4a632856d5bef21398d68353e6","25","false","bad"
"19837","2025-11-14T09:58:25.000Z","0x016e79d974635758c979d763302cd372661b2c294081736b72b542be30093151","0x5d08d765d0d844c34bcad48b8398f03106d742e5f54a8b7772cfe148b9cace0d","17","false","bad"
"19837","2025-11-14T09:58:25.000Z","0xabaffea73062b5e6fc89981254d527f968ccf7b362645d1b94388d2b4dbb1681","0xefa951b35372765b52e0b8ced8a2029c8299a0b10a6b7d425c3a1727496df589","37","false","bad"
"19837","2025-11-14T09:58:25.000Z","0xf9a737f83eeb3c57651e442a497db8a70ce830bd1284d6ed67649787d289d91f","0xc243de74e02371c522cf3ed53b1c813eb2e4343d1a8cc32aa9e8ef374ccc8901","27","false","bad"
"19837","2025-11-14T09:58:25.000Z","0x0a928232ea063ea0c4290b65d00d98c9e39355c46fbdc9bb0d990ed7e7620add","0x08a29d8da3fd43acb5db8615abdef478ca77711dc051ce97a02ad21c6d946cdf","22","false","bad"
"19837","2025-11-14T09:58:25.000Z","0x4349e2c3d849e29245945941def60e3e3e6ae1a3bd8b0575171d1ef4430fda34","0xa929f87d2f74944062003dfbd99c663d2f152ea0eaebc83a8fe77eab33af6158","21","false","bad"
"19837","2025-11-14T09:58:25.000Z","0xd9202c784248c7904dbddb55bafbf44c069e961d6ea0b0f5936ae43872e3a186","0xabd6a98f97cd85b6385ea2f5758200652a0904dde69245a9fa53534fe7ba35d3","8","false","bad"
"19837","2025-11-14T09:58:25.000Z","0x3cb3863d86a35c53ce87c45e1edcca6a436a44c829570e6deb9abee45e7c1888","0x6d6e7929eb0659f77c39fc7ca57917b6d60846c5736366732c19a89be17a53ca","14","false","bad"
"19837","2025-11-14T09:58:25.000Z","0xb8d084e1d34e39674e4d32d61ccb6f0cd9007d5cc0a7ae777c84f6c59957c4a3","0xb33496a6117bafe6035731069c5ef63781c3d184fbe04db74ae7f246abcfc2dd","21","false","bad"
"19837","2025-11-14T09:58:25.000Z","0xa2a372613ff2cd0af86f8a81ab8fae0ea3914d380cb9819224c5eba3223aa9b6","0xf87977810a306caec6e21450e5c8ba5af80f942fb45075a5e2bb3547364b9661","11","false","bad"
"19837","2025-11-14T09:58:25.000Z","0x9d4a2a0270c9c536309f2f9a3e4fd9058627ad00c3d4070be38604005eecb9b3","0xaac30bc971076f775a35879ba992df470786a708ca428dd8a675499177dd0ea5","16","false","bad"
"19837","2025-11-14T09:58:25.000Z","0x5ae327dbc20429c70b5a57880225e06fcfd06d96eb32c6248a4a541c46e52ade","0x66bd17415806b4284822149fdf8cb2da6d5fe0a63a8a48be5ceb2c901bb896a2","32","false","bad"
"19837","2025-11-14T09:58:25.000Z","0xf79fa826b62a93a137bc8480220e5fa418f14d046489b01c31cd7eaae1194353","0xbfd399a208005066827d6cdd8a9f9f86ca012f96b717c59f10a67992949594a8","6","false","bad"
"19837","2025-11-14T09:58:25.000Z","0x6723480f643845961de982999ac890cace1c98d1a7c1349042554230311d0e25","0x2662e894fccb081a286da6e1bbcebd3079fe10f03c2c091770fe49232d8d3548","9","false","bad"
"19837","2025-11-14T09:58:25.000Z","0x12cab082b8bc03467fa71a8a1a41eaec56c1a4e69b5edae169ea24c4f4285637","0x8731c4a0b122d7c5aa7b38f83ab88eb49d4d774f73e856a11c20fc4863de4be3","10","false","bad"
"19837","2025-11-14T09:58:25.000Z","0x97a9c2f208d393a7b77ca8623793a30400fb34e394bc5101ec546c665e6c2d21","0x67a1d1857d0af831d209ae690fb196120e175d6e9a039b1778f23c777bb510e7","7","false","bad"
"19837","2025-11-14T09:58:25.000Z","0xbeccb24cfaab74884cbc7c46ee7a14d028ee8ffe325d682f290701a4e02a9b3b","0x9391788af0370aa98b6f778f83381f1924c680abe9503f6261b14df9bd4ff3a9","37","false","bad"
"19837","2025-11-14T09:58:25.000Z","0x4003a2af9bcbf80345dc1652ef598fe7a40b56e3c1f53d7ef4edd07fbd2bb7b7","0x5e8fcdc0c46d4f3dda701071f5c3c386c53d54b21219f5e42259e00bcf4fd834","31","false","bad"
"19837","2025-11-14T09:58:25.000Z","0x3f0eef1850aabf524d1b741870392eac2c37ffc61a3a7cb47df5b6da23260d1c","0x33365308d3753f7d9d8d919a82bd3ba5a7da23f9669cf62ffbbd3eeb5f082559","23","false","bad"
"19837","2025-11-14T09:58:25.000Z","0x7e9d31a4789aaea350d16ff8471f0b78ae12abf53a074ebce3626c4a8656d0ed","0xce77fadbe4026e8dc6175969990bab832f280615033e71712011975467c88ce1","26","false","bad"
"19837","2025-11-14T09:58:25.000Z","0xa16a0db285a3e00b1079e82ee9263ba29e3c3b0902ae14eb0c6d398f1e2998cd","0xf2d100b0ecb5cdd34ee0182999690986961453f87439c5ccb34da4bfe9a85b48","5","false","bad"
"19837","2025-11-14T09:58:25.000Z","0x972cfbd4ac3f69aab00c73633b4dcdd192e3025aaa54061103343a49dae6d99a","0x3cfb461dd4c4c1ff60c77eaf374fe551de426a5192d41e82bd096f1002b30412","19","false","bad"
"19837","2025-11-14T09:58:25.000Z","0x8c67315a3ad2e7c23802bd816235e18021fb271a9ce1919a1539f66a5b418113","0xb825222e4f1ae888d3f0a1d02f75822c0d5631b6901720d74c1256252bfa469f","4","false","bad"
"19837","2025-11-14T09:58:25.000Z","0x380337066890c0c14cfb146b7ca77d176f884383699510f2071aaf3c86290125","0x6dd6400e884cf32500fdb6b472ee225c5336282a3553344570656c36b4b8bbb4","24","false","bad"
"19837","2025-11-14T09:58:25.000Z","0xa2cbb4bea75463a7038f767814cbe6d6dfdc8b28b400bc5a1b86118af4445407","0x8264e80e6f28c04c073fc7fa14ddad7e03206f0f3975bd69f0390297778d39d5","37","false","bad"
"19837","2025-11-14T09:58:25.000Z","0x83089d3065d11b2722d17c03e5649fe4a37ae65f459c825ebc99a41b6db25ed4","0x51945425ae25dac3faa1f9c1440b81c3f73bac464483cc9cf168f49b43e7d7ab","7","false","bad"
"19837","2025-11-14T09:58:25.000Z","0x96cb3843a7e90a172e05cdc9ed6e8c0bfcd5743422cb70fa1a57c34927596d3a","0x0b1b0bd8d2c31135215accdba29c85fadd37b8741dcadff9c1a35c096aaea691","6","false","bad"
"19837","2025-11-14T09:58:25.000Z","0xf297fe4166f515fd96efdbc96a2dcf6ffb1b780bc73bab4b840baab517c632ab","0x71ca05a13d1d803fe5e51ff59f5df955ffa11ebfec6108d314bdf367b8032ed2","8","false","bad"
"19837","2025-11-14T09:58:25.000Z","0x8634a643db3c0f6502302494c207287a987a0ff14d933542f32de50c8bb78143","0x38f5e24de6d699293826f49d922beed489003aab9cda466449c932518b614ca5","30","false","bad"
"19838","2025-11-14T09:58:27.000Z","0x2aff0355c2bb6bff77bfedf4bcfcb114037794606dc4319cc1e4b8185a4a4223","0x1e33e1773ad60c4f198684d9c11fec390437a0f8547b6911b115ab6c93cad768","15","false","bad"
"19838","2025-11-14T09:58:27.000Z","0x6471c7e0681d47b7e8ba963eed3c96837f02e619ec54e5d9fc43d06f36971300","0x8d2999a42fd883c57b91432d2e650093c9c42187713c604cee4a08e0ee3a003e","23","false","bad"
"19838","2025-11-14T09:58:27.000Z","0xdb3e41acc101b5267a80bd668991375cf255bffbf45c1410ace699700b850208","0x3e22e7bc9cfed65ac18a8cfe95a27d04644fd986acaed39384fb428cc6ea03f6","30","false","bad"
"19838","2025-11-14T09:58:27.000Z","0x23bf3175d41cbd97c6cc349b786115911d657e98d006c6bff989cf5256142f1f","0x27092d0c248312276ab3329f1a9838b146ad2ed1f5b66992ee47436b94361e0e","19","false","bad"
"19838","2025-11-14T09:58:27.000Z","0xbf27529f818e1a486e7b0cf34efe943310c78a625285c627d28b69b4a4e9881f","0xdbc659e2b32d4ba5e55fa9a3f7ec0ec33cc8f4d7034ddb1121b9eb4a24cc8dfc","15","false","bad"
"19838","2025-11-14T09:58:27.000Z","0x9d6a3b2b78d06e8ebfe486a82b570a101dcad5e904a01e646db9b4b4da283ad0","0x302ec0830e821e2ce03aebd8354919494315464b9dac2d151650e457b28f4d20","28","false","bad"
"19838","2025-11-14T09:58:27.000Z","0x90425c928742438246183d63668e1f4a857f1d73f679b75f99a0ecd8bbb72676","0xb5f20eef3c91c7434367e694cc51b7fc474c8448f8c9f04e0d34b3ef1367f507","25","false","bad"
"19838","2025-11-14T09:58:27.000Z","0x7f57575da6af9effa9ce05f79647029aa8ffa26d393a4cecf07fa0ef7d1fdf6f","0x691a14df02520e5a7e5caab2e2d4e29b6fb25cb139c5d149cc3e1720ec92baff","42","false","bad"
"19838","2025-11-14T09:58:27.000Z","0x8152522abd89deb87d9188e685c0f3176ee9ddc4473a87115b23c7861b5d272c","0x7e89b79c06e7174afbcf8d93d0214bf4d15ccfa0547e8e6a0d6fdefc60de9ed9","38","false","bad"
"19838","2025-11-14T09:58:27.000Z","0xe163ed330d4e95daa90ee061f489185ca008076884d457a484fda87bb5df5e3f","0x40a5185a06270e5c76ce0fdfab9095b5ef52e8dbbcbd4111016286075135bbf0","31","false","bad"
"19838","2025-11-14T09:58:27.000Z","0xd3e69caaa1862ee2532fb4daa43ef9423086ac2812c46c1bb9c87e4d8daaa13f","0xf96eb9ab6cc30ded338c24f7856947fb2011fbc2f12475799f512b97eeaf2065","7","false","bad"
"19838","2025-11-14T09:58:27.000Z","0x70a1ee8c08888fd25b75eacb150b7f02fd6a99731049207eb52725355c1b6194","0xa59be7f896f840e89e2d65f4faf8a2c79d1fddba806750b3b51e88e3947a3fc5","1","false","bad"
"19838","2025-11-14T09:58:27.000Z","0x1e02bb723723cf84367af8c7c3e928f7eeb3a0427a0901dd7a61e7626dc0e466","0x4567014272a5e6fc5b3486a933b0c51b0d8f5ba5ad932736dff9c5b0b605da8c","32","false","bad"
"19838","2025-11-14T09:58:27.000Z","0x305dea0676b2efd923283523ad38263e97c964a49f6cd6c7c8956ca0fa753100","0x58b25d7d2b9d7ddada410087924687ee28974856110f8f3aa5d1865ee57574c1","25","false","bad"
"19838","2025-11-14T09:58:27.000Z","0xc18c5a54dc319c2d5bce44c59128a3fdfce769546b6c259e051c34d817ac6586","0xe3abf5ced61eee4e6ebc66b3f5d349bb32dde7246060a0b82963dc356a378b32","31","false","bad"
"19838","2025-11-14T09:58:27.000Z","0x7b082580bfffe2bbf26937c7aaaea17756c04c4507af4849ff7ab1c780ae7286","0x87a0e8c1e4ced3eb171bc0cc5fb3ae0cc91bf15b69ce2793686bbeef19c034dd","38","false","bad"
"19838","2025-11-14T09:58:27.000Z","0x9ba2d5a9f13df136951e9c119efc834cb1ec58cc6025324aceb878ebd010a7d5","0x3648895373398c12e907592fad4b090d6972c9d93287dbd703c36a4318e35fbd","28","false","bad"
"19838","2025-11-14T09:58:27.000Z","0x248e95565cb40564059aa4545bf975d4a63266e231c105cf34a0d1477d4a8c34","0x20bd5d6614c0f8272b1d8863d3553b066b4a402bef7b1172fa0613798e6cf348","35","false","bad"
"19838","2025-11-14T09:58:27.000Z","0x58011746e8b0397936759dbdaa63f60ffaae860c6ceba4186af89889a7d023e6","0xa5f67eb36b746b660ad3710bdc0dcbfe1c0b93b345a01be99e08abe0d00a773f","12","false","bad"
"19838","2025-11-14T09:58:27.000Z","0x3f953029a85b004f698ff389e4279bee4a42f5ee42b76c12fd62a343edbaa8f7","0x3d4560102e3b9959d1c998e3d1054dd56eec0f8a7fec8ba184766c7ad334d2fc","35","false","bad"
"19838","2025-11-14T09:58:27.000Z","0xb2c0b1d880e74338d95fb63601c497fbb59fc87839a4339db6d13e362e9107ce","0x47cb336ecb30fc535a70b5f58ffd5e2d4a8b214e4013a827af4e28405c242410","33","false","bad"
"19838","2025-11-14T09:58:27.000Z","0xa0384542da6b7a476f9f270d6b023fb026810707b83ce05f6e148d45dee50e3e","0x6a440cd86ff47708ef0bba45f05cc0b7a480d8c09dee4c1845c1ce9947a89043","22","false","bad"
"19838","2025-11-14T09:58:27.000Z","0xf1265e11aea245055c1bef827d66af7fdb863bc30f98dff4d9d4090f1261fb30","0xdb91d633952bd6dc5355944cf06fd85dcf58eb5149f7a9ec103dd3db9f6a1a26","34","false","bad"
"19838","2025-11-14T09:58:27.000Z","0x337a5eddba2792f59d75f2d7368cb6af19fd45107fbefa295ff9305562e3d572","0xc98f347ad833cb223504288c387c4ce3eb4491d51ac392df3f5f9815753f757e","3","false","bad"
"19838","2025-11-14T09:58:27.000Z","0x5120388341e659f70376a795d9eda4b385adc33a5fa2b198aeb98e24bbcbc3a2","0x9475003ff2eced6564d1d46798dda5132529bd9ec795eacca670f2c655306df4","8","false","bad"
"19838","2025-11-14T09:58:27.000Z","0xeb13118add44ae378794a6b0fad12ab092ea925726828291848edf8012b7424a","0xfa8df86bed10e5cfb84954f91654ce353b0f901c91a9124033d1d9b4d68c0f3b","36","false","bad"
"19838","2025-11-14T09:58:27.000Z","0x40f89e92c4b4479f60fcbd87d985c8621f2758a90b1f6be77603ef45cb60d1a3","0xad8f6faedff8feb5bee7e75df71b8bdb060a2f8b1996ec84024baa007ae28eb8","3","false","bad"
"19838","2025-11-14T09:58:27.000Z","0x901fc4282782d43ae9c67e9975f7ba33b62b3d1c57d826a57160578206fd9a9e","0x9aefdae23a42c916a85b2283abc3391f5b4652ef9ed9d0feb849ee2b9a604fb0","23","false","bad"
"19838","2025-11-14T09:58:27.000Z","0xf4904891dc405f35027a65967ef2f04e2f3f2a4e450c89c42ae743a15ecc3079","0x8fdafd87bc28720a2b90f748c2a2ce9c76a76ab51923de687929daf6498c2434","20","false","bad"
"19838","2025-11-14T09:58:27.000Z","0x91c20aba7bcff0dfa0b881db23e315b19655b96d0cc5054ee533cb2b9b1a4457","0x6e9a0dd23a318132794b5d0c0b63e5e01fb84cf0121e1b757c68b46f075815bb","33","false","bad"
"19838","2025-11-14T09:58:27.000Z","0xf0c9fb5abc810cd0b2640f8be5db0b1cc5ec8369e930186069185fa67bdf1556","0x6fee7ead399c4a8aa3940c8df564526cdb5ccc74c053f76f300879b99c872f9e","4","false","bad"
"19838","2025-11-14T09:58:27.000Z","0x786bedb604cd9eff7686d0884dcdb662ea840294590e2f48d5e39839568d41ff","0x4c2bf0df3e49e40f9989ea49123a5042adcb50b379dfd63e8d2864181f9e25e5","32","false","bad"
"19838","2025-11-14T09:58:27.000Z","0x55a670b481b56459d2f6e27577c37573df6bb67148a2716a912932af7aae2678","0x013f1783cc9c42c0101579b57ef0b17d3e539122331e9560abf4ea116d853d02","26","false","bad"
"19838","2025-11-14T09:58:27.000Z","0xbc1a6fbcbc53b7e94fa52acf8319a4db7072847840b6a29feecac533eab96534","0xcd4c98d46ec7dfb25569e91168838b7cb74107d0534426fa460e0dc2da3a87e0","31","false","bad"
"19838","2025-11-14T09:58:27.000Z","0x8dd71aaf3b16a40881bf8de2ac2de1b08cc364159a79bc5fcf5ae08967a5e333","0xdfdf85527233739239dca351a6d2ba530b7bdc6f39402b10062118d281cb1ab7","39","false","bad"
"19838","2025-11-14T09:58:27.000Z","0x52502bcc57603989f406946fe4f1dd4076fb5ff98ddc525bdc8fe3d0d9bfdea7","0x5b73b0a1511d2e33a82e53a99acf344e8e48519b394628da5f5195b0a079abe2","35","false","bad"
"19838","2025-11-14T09:58:27.000Z","0x53b5033cf25cca67f967bf224d15dc87f4a37c4dd1f68c057792fceaf7b2ec97","0x48309bbe2e43c820d8481d3674861778e7a4d6c8a8219277411565a746a4c52f","32","false","bad"
"19838","2025-11-14T09:58:27.000Z","0xd15f831f94aab1c94e62bbf4e6136e5bd0789aeb335325d76a33a8c596f1784f","0xaaccaee1d323b88a8d94e97395d74f32756080fd9e65960e3023706a9a13c73f","15","false","bad"
"19838","2025-11-14T09:58:27.000Z","0x369ddccb34a4ca23c66804b83529a6eb5a34f4bbddff906908cd8fcf76a80a48","0xee248c58bdc73688b71b6442cab24181f6c4d4e7bb91eaa738f8f396769ee282","5","false","bad"
"19838","2025-11-14T09:58:27.000Z","0x608ff4334414bd534c31c887536931f0fb96bb22107b4f29946184395d8a1d17","0x653e49c364f10f17e68d85955a72a70bc8efd09e3c81d11d036259b7f78c1806","24","false","bad"
"19838","2025-11-14T09:58:27.000Z","0x1e91749ac37179970add9061907a30531f6e3204ca6d2ab9662c9f811e2ca77b","0xf0522791c8899aa53e988b9be2770a6fdbe409c2c0bbba33610fac1271037786","26","false","bad"
"19838","2025-11-14T09:58:27.000Z","0xcb272e7e53e1fcba19214a855c5c6516ebfff66f1762811ca7f841df955e1e9d","0x2b247a710044d31634c6f15e0744c45538799f565fb727a711b60d1a60bc7536","24","false","bad"
"19838","2025-11-14T09:58:27.000Z","0xa6e35b1221c4fb1d772d689d8a7d1a1a94283cf3e8fb7b8e2fe133a845955194","0x091d5d7fd990b40b298573fe77c822de0e9b45c276c922cac738b93f7b555493","9","false","bad"
"19838","2025-11-14T09:58:27.000Z","0xd4e5ece92cd71fa14a9db6aadf70eb225d89d7011bd77184558c5218a703cfff","0xd96c7cde6b9713b0f6ed2982bd74743880894f56c4519ce7a9eb6098734bea36","12","false","bad"
"19838","2025-11-14T09:58:27.000Z","0xf24aa0bd811c9a4e3bd770cfd2432e60c300f19a07c1409fb1401801afc8232f","0xf5d5e2991c7f88b9b415f29e8b3e46597c46494af1eed35312aa1e1145b6da24","38","false","bad"
"19838","2025-11-14T09:58:27.000Z","0x3205d788db6a8bfd007e856eb1706f2036e66b976d6368eab5902f5f005b3181","0x0541db28b950c7996801c5916d9015bb40fb0c66e28c98ea92cede62c1729f4c","29","false","bad"
"19838","2025-11-14T09:58:27.000Z","0x5cf36a8431b2f237d42ebe8e45be8779ed0e413735a41cd7d8916c8ecb15312f","0x611808deaa3ce0a6f47c3268a62cdd2573567702e8f56dff41afb70df6a91e80","20","false","bad"
"19838","2025-11-14T09:58:27.000Z","0xfe1c1e597c2bdf39d7a6d05d73fe6d430d30926514c76db80d992b0617ee5148","0xc137a0e8c6fd34f3c1bc9c069a4f626552a8e1931e4678841c430f55226fc4b2","10","false","bad"
"19838","2025-11-14T09:58:27.000Z","0xd8ba895ff2c7b5e081c3d064e1ecfac9534caa682ff59d2f8f2a89e0b8142f48","0xe4afec8fc7c869ad466a5b810e354cc2e94d030a2791fb938c80e721b13d2e41","31","false","bad"
"19838","2025-11-14T09:58:27.000Z","0x14a5af3fa75a86fa3d08346dcdb43520f8badf5ff8337fde752d0f144b836a0a","0xcf1bcd9c37c80300d69359dde4d597b7f333b7f37b630f0b7758ac59d8549dc9","21","false","bad"
"19838","2025-11-14T09:58:27.000Z","0xde950e571511ab49bdcd85cc8dd14f29a5a9485c8c9c9953bab5b50816f3ccd7","0x1a8cb253a41a0f85e04f25118b9a9c36ed494459e32a94681bdc8d24a5d76624","1","false","bad"
"19838","2025-11-14T09:58:27.000Z","0xda16b51f75f8b63d37b704a9c6559b1921c26df20e98afa2004b86bdfdfcdb63","0x864d3799f7267d1e25a388bed1f4df6c003f82d0cde9f8a3570ff34426448a8c","12","false","bad"
"19838","2025-11-14T09:58:27.000Z","0x15210d198a3b8b51007616832f6c7f7b5e4bf3a086f55141b43da4246edd8509","0x80dd4dec6216a95b8c8fb6961aafb7e0369cc0e482b1eeb8a3e415d203084f40","2","false","bad"
"19838","2025-11-14T09:58:27.000Z","0x3b7d518f10139219b6988d6f1d7d198d61f045894eaade19dcfaa71eac9e72d5","0xbf714b5f90af346b994b7c7d4f4f8c3b1308264e5e5f2e98bccb6a6845c875f0","36","false","bad"
"19838","2025-11-14T09:58:27.000Z","0x8d271b005f48ec7ffd4b152704c4e30eda2a97e92e604ecfdad826848d913fab","0xee6cbf2cf0d0addd777cb19a9a9b7264c652007a6dc4eb47bd59b03b6724f27f","5","false","bad"
"19838","2025-11-14T09:58:27.000Z","0x6c9e33de30e247dc8e4e1c51ddc1752c41f08329a7a281dfc4331b00afe4ff39","0x10002c7bf0d1c7bb96c2630ef408cbadb16a1262d2092da8fbb0702f1082b284","18","false","bad"
"19838","2025-11-14T09:58:27.000Z","0x37a8ac9818b8d06a7f03388716d4263c8624bdd4cc475e71a2c6b8ea4d609191","0x5ce32a176c88b4dea668fca825e13b82ca233d9316149f58b99627bd1257a7e4","3","false","bad"
"19838","2025-11-14T09:58:27.000Z","0x66d54f8b4c19e664f236a3d13ec9dadba6e53efcb2be787135d78a55674e41af","0x6214f276a2303909ed784ebeef39b035ad44e8233dbb6e72782e0cef260c22e2","4","false","bad"
"19838","2025-11-14T09:58:27.000Z","0x5babad132491f0c459e5d6355cc3dc23bfb14e4e5d75a623828c0083095304c0","0x6b712ce72fcabb37b33f52de461ec488c75b875f481e7b6e421d7c5a18830a85","21","false","bad"
"19838","2025-11-14T09:58:27.000Z","0xda134f683b2d57a90e407124fc242bcc09de3a47732e8b5b4396ac98ababc630","0x8713c672c7697feeb2c30a8972365415f401329b354ccac1d7162d583c29f2bb","16","false","bad"
"19838","2025-11-14T09:58:27.000Z","0x8d247218dd7608658870fef0a0e92d1c7e49eed366cfe7f057196dc1a03584c2","0x56503b36f14a95ef5423b282e88195086ced56ffb0de358c81b7073951431126","17","false","bad"
"19838","2025-11-14T09:58:27.000Z","0xe18f1fd9d0c473431d3fd36308fd0c005dfe48bfcccfe161f4d8290f67d055cf","0x2b11c5d7875c0b392cac49d7324187878c625c17bef8e57ab1cdf483b12b629f","2","false","bad"
"19838","2025-11-14T09:58:27.000Z","0x8fb4acbb6a4b7072a2121d2b1fe2e10b1767625f8d8cadede62a21c076940dc3","0x552f020d712dfbe1ade097591da247cac583aea38b593b51899f6e2a98701b01","30","false","bad"
"19838","2025-11-14T09:58:27.000Z","0x3c9fcd4d79dd5a6ac9c34f2d3bd25b5b39dc6c373b5c439b5963fb8fd6689f33","0x9055b463cda237409b53e7b3744628f96ebb34b0d3c9b80141863d812e436ca7","39","false","bad"
"19838","2025-11-14T09:58:27.000Z","0x9c60dee09e37d125284e08bfa11c04de7069bd90b5cc42fce96cf64c5a6bbf36","0x39a3bd5e599c327bed1c310bca48a392abfa3ec84135897d646116ad91cc5520","20","false","bad"
"19838","2025-11-14T09:58:27.000Z","0xd725b42ba8f9b15053c4f6f10422caacdbcd557189b1dbf44f963735592807e4","0x81a12c568f7725b68e4801c8220c218fb25ca9b495af8e381a0cbf654bfa056e","29","false","bad"
"19838","2025-11-14T09:58:27.000Z","0xb4bb0323d7465f57e809183b01d56e98e3ac83b2dea1958f9b41f8b2213e0d10","0x963631014522b47bdca521be21ca44ab570f981bab7834e35d951d213f974588","25","false","bad"
"19838","2025-11-14T09:58:27.000Z","0x6a40c0d9aee26fe0e25d644eed5d724499a3d0375d3816bd68b0efbd993b8e43","0x1d880a16f6fbf33d4ccd834d176f21950028e55bbd9792c92cf9020e0138dacd","23","false","bad"
"19838","2025-11-14T09:58:27.000Z","0x379dd8d5243be94fff4a6793113408a0cf3f05d08fd9450ce9b473619394cf6d","0xe09a26254e3590bcea8745ae8d398b416f4787ef4844b4836530bb5464336991","29","false","bad"
"19838","2025-11-14T09:58:27.000Z","0x29a8c1bc1c24f838095305496f44cd32d9c3aec0b6d18ece22e6d4b173cc79e0","0x9ddfd417763b2d0ce5106e04b644ae9309c9de9843b20b0506469bea36aa6580","19","false","bad"
"19838","2025-11-14T09:58:27.000Z","0x04c9c5a79c8a7d29e458baeae89b936f7b073b95860103dfe1ec45cd3ca49e12","0xbc4692e7e2a9659d4e7a708ad14bbd8bd00d54e519a729061752e51e62cbdbd5","40","false","bad"
"19838","2025-11-14T09:58:27.000Z","0x9db92a3612b5a0295586a1357515dc89c87de2e17ec2df8498a4cba3d83349f6","0x570d3bd50f916385536ef1028ff5dbd5cb02673586c8fc2d3ad186e14fe301d5","5","false","bad"
"19838","2025-11-14T09:58:27.000Z","0x07e5495cf68bf97e21ebfb6b3c5190679cbae53fad0f74022b8dd43cd4611e9a","0x59472b443735409ab6baa619981b524811f9bb9c462937b64943706bccaea90c","26","false","bad"
"19838","2025-11-14T09:58:27.000Z","0x37eabb5dc59778ebdf63ded16cb4472d1068738f9ff80c0eccdfac4283e05812","0xd34751acbc6fd0770d5c92121f0eafb5a4bb684da0d547019e040a267e916f23","39","false","bad"
"19838","2025-11-14T09:58:27.000Z","0x728249f6301bbd55fb26c83fe89c318fee6517b4ebc0bf3b52f840515a7de0f7","0x99cf2b3ee6d001dc913a20e8dbfa0b052c0012ea48285ba6c051030b97e9b143","29","false","bad"
"19838","2025-11-14T09:58:27.000Z","0xf1f95023b501d9a007c9b1fa95b809b735e050aefe35f8bbefca3c4f94bfa58e","0x9cfaf71d36a78164cfbcc0b2d1581e3883d3dd57afb17505979c540f52fc7689","17","false","bad"
"19838","2025-11-14T09:58:27.000Z","0x617f1b2871961b5004cef586ddc3597d08df0e1ba9a442da398aff98620d5645","0xb7209b1ecffb4e7b471fa30ffad70533e9ae735e569349578675e0fb5da91648","30","false","bad"
"20462","2025-11-14T10:19:55.000Z","0xf81a94811aba00b4976859d84960f127f89838878d8f267293f97b4a76a42aee","0x74a92175c8759586feea8f5802aa62f9ee5ef6541e6522efbbd957df0b3bdc1c","32","true","ok"
"20462","2025-11-14T10:19:55.000Z","0xa1e22b97dfe779b60a44dc8b06c6d1d5978cb3b52d7006552797570272f3dbbd","0x4e43befb8e261046018345f5e21aab26433f8989065deed15ecebdd7043c44cd","9","true","ok"
"20462","2025-11-14T10:19:55.000Z","0xa823ed8d23430d18f632a26a0712e62d5e2a4a0a8e5fea3e691a93e77da2d926","0xda1d673cf8d9ee23c6ad0716b51834ea35ea4141a678ade858a2ae151b08d0c0","38","true","ok"
"20462","2025-11-14T10:19:55.000Z","0xe0b572659edf032c3de4dcaa2264689f1b82cfa775970769ac5148084e476dfc","0x3174a3885fdfeaafd73cba1b52459ad0d943e566adfe269830a052a929371d08","24","true","ok"
"20462","2025-11-14T10:19:55.000Z","0x69a6d1e27dd55b7dccb5d2ea089c9b538fbd2a8562049a6963c17c0b4650e2cf","0x40089ed5b48204f9003996d1875180665259e830b58d489341501c86f3b3cfa9","6","true","ok"
"20462","2025-11-14T10:19:55.000Z","0x9ef4df627c3e97f8871b270bef87ccf4a70de8c9ad836ee79727043e5d310300","0xc9713d0624bed356b7fae7b6581cf1c2098ebe5967909182d57b4270e8ccad0b","16","true","ok"
"20462","2025-11-14T10:19:55.000Z","0x51f91c2d6e5c3a3234b2dcc8b9ab8c33032658a9e695ceade0340133a9672355","0x2010fca768026dde8b9c080c78c4920bb4d35e67935791e63fded2df3a2244f1","29","true","ok"
"20462","2025-11-14T10:19:55.000Z","0x4f8148a801c057f1b80e43fa30d2b2d6ec5eee393d644390051717ac8769e24a","0xa759caed5fc14053127f8d8f0247c0db4494d8e61d25f392e959607a885cd10f","34","true","ok"
"20462","2025-11-14T10:19:55.000Z","0x3a5172eeb254fba8dcebee4a8b03ad5ad9b49d3c0cc01bf5880d37f04076b6a0","0xad1c1d86e4862e67b2394bc2812035703b8295f316c36f2e8e7ddf9ba55d230e","15","true","ok"
"20462","2025-11-14T10:19:55.000Z","0xf66240afdc87dafaf7983846ccc5f6acbef226a06dd153e2cf739ee5a7b85309","0x3b1d4d5e28fcef45736214b7546c23490f7410b50433828edd9748cb94d479a3","31","true","ok"
"20462","2025-11-14T10:19:55.000Z","0x0e2ef7dd32c6496abfe2a7173074feb474f1e825ef55e2cd7e0e7586ff9bc760","0xb40f630fef38bae5fcc4d42687bfe9aab52309fb749009de0f4a3b49962ee9e6","20","true","ok"
"20462","2025-11-14T10:19:55.000Z","0xbc223b7d984a55db11b2e1ebb31b8bd4131790e4a8f82a6fafa227182d3f0233","0x91317733f7c4f607a2ec2e354f56449caaa0e0703cb7085d9ceba631557a630f","15","true","ok"
"20462","2025-11-14T10:19:55.000Z","0x390ef8b49969a2250f3a3477bd35f3d195838545d7e597733ff92a9e07a95f28","0x84c75ad853fec83a359dd996e5022be7d803e135e980efe437f757cf6a5a2b7a","38","true","ok"
"20462","2025-11-14T10:19:55.000Z","0x8dd8f5debbb26cb64c59c1c77aa79fc448fc20c2e56dba0a0be4979661436058","0x8cce957480c62f4be17ba9f1956e211a57c964147e77bc117d37b2fc4773d4e5","31","true","ok"
"20462","2025-11-14T10:19:55.000Z","0xafb0ea2770d27ef97d5ebcf6498f68da76172daea4452e7969747e43c71d4425","0x7e98a50c3394ea63bbc702b942b88b1ebc685fa790b55287f6990d3fe311ddcc","18","true","ok"
"20462","2025-11-14T10:19:55.000Z","0xf8e2608188069c900cc59db65b1b8d58937ea59c60befb82ebee489c64f901ee","0xe56432878db20e6733dd8b484871201d11c91b994d9dd83d67377b2415ace1f0","7","true","ok"
"20462","2025-11-14T10:19:55.000Z","0x2a75cb90f4327649c2988cb44be0a05a5d38cdb7b9de9c794db1ba1dd43dc14e","0x45096f2231cfe2522b167d952cfe8297bb625cf808a1cb67a7f9e74136f0751c","16","true","ok"
"20462","2025-11-14T10:19:55.000Z","0x7324a862a9c2471ef832182ad6b91c335110d66afbef43e32999d29f298c004f","0x311c6ba03e54c53029632f5cc2503be9abb7c0953eb12561d57b18f5cb3cd42f","42","true","ok"
"20462","2025-11-14T10:19:55.000Z","0xaf7d341e4abf5d26aae9e437ffb99087bad627cdb0c9ffe761bc763431622cda","0xa452f79835bddbca04c2c3b7718077b711b7ffb1e5b82807c97a2085f4d8f819","26","true","ok"
"20462","2025-11-14T10:19:55.000Z","0x347a9c4af459bcc738ec99a1ba7f23c69e0d9b849be63eff19a08384a770af0b","0x9f86eaf41ed7f35f35f81ee1ceff181c9bbb09c1e28db8b2625b791ad9235345","4","true","ok"
"20462","2025-11-14T10:19:55.000Z","0x17a7dcd23d3df143778e05dec91a260519ca77f80b9fd3612c07615d1cc81831","0x1dc5fe60b4c0ea8cc83e1b78c087d8e2de5e1891a303b75e2f23bf3c6846da7c","15","true","ok"
"20462","2025-11-14T10:19:55.000Z","0x32b4591909c2a67786eae79d677fe920651ee633d9c408f22b438df25058f8e6","0x50e51f7ba90f6ca24f57ba3e58d5c3ff4e7d83b77e03dc462d8774c428f0d455","22","true","ok"
"20462","2025-11-14T10:19:55.000Z","0x5ca95905d718b3aef3a029c0b0c3961ebac29a1f8b167b204886a0bb99adee6d","0x65db1002f1fef4e4f3ef11fd2655edfa94b18bd6b5110d31dcdf576e741938e8","20","true","ok"
"20462","2025-11-14T10:19:55.000Z","0x69252bf8872dcc174f316254c3fb6f7159351abc10657d4da59fd0c725181d54","0x041e623bad57a6cf4f55deb54e88154583687d2ae43277695c8d2fa008fd5de2","33","true","ok"
"20462","2025-11-14T10:19:55.000Z","0xf52d9adf87fe74af1e147979af0c506ddf887425ba1f745499e0152a23510dd6","0x4e5e197e6bf26d033497154f364af800e4da42883b25cb96a76b7c6dc60ad025","19","true","ok"
"20462","2025-11-14T10:19:55.000Z","0x8f6143624d517f13e666a7662c013e92c8f20176b52b8e67b5fc2c1e767eba52","0xeef6e89a78766f08dbe6beefaa99a9c3142706964593769af9524ff2f5573d8e","5","true","ok"
"20462","2025-11-14T10:19:55.000Z","0x2ddf18ffea7750b5da1aec1df281dbbfd99f8b98107874c2d242cf7dd7248d43","0x24ccfeba6a4b12a28fa4c092ab7cc902c5784c06d6048755cb70a5b3dbd5a56b","38","true","ok"
"20462","2025-11-14T10:19:55.000Z","0x8dd1249066c237aa96c00d15133f53d5b1f4d0c956de8b0a8d6dcd974f05e94d","0x892c871e67f70f3c9699fc27d5df287fa39cca5844375c6c00c62ab7ce9e2102","42","true","ok"
"20462","2025-11-14T10:19:55.000Z","0x8c45e89cfdf95b4ffa1f79029c1fa12d213ad15341a63d55db20b6d39b883a2e","0x01b7a059bc7c0f1fa7c18c0236019596d6eccb930f4787523239b496eb8dc51b","22","true","ok"
"20462","2025-11-14T10:19:55.000Z","0xe7183743c7bbbf1b22e08222e6d49671fb43442f694be5c74f5a9c51d2828d31","0xd5f289453ca662deba10dab172ba3bf5abac782b8e9615008ee45e2f00496abe","25","true","ok"
"20462","2025-11-14T10:19:55.000Z","0xd040b7e509e023c5df24fe14a1286565490d0afa76e38de491938a8e262d0154","0xb8509c762f8d0fc76cf5303663fbf76d172e53632f643e1557217d11beb56946","35","true","ok"
"20462","2025-11-14T10:19:55.000Z","0xd83b7568c6b4a1c045ee419b7951231443fc2495a1b6a5ff32fef7692e279f67","0x8d9d04d7c1996c29d5a86972c6ecb5bebe8a069f942e39af69f81bfd020a1478","18","true","ok"
"20462","2025-11-14T10:19:55.000Z","0x4d4191426b241f79c6bc0bebc863d34aacec0fd9ae0e78805c8df8dbb2c65662","0xa758978c3f0502c4d7b2867670ccd25c619ec6185af01413d5e0a8b0ba093fc0","25","true","ok"
"20462","2025-11-14T10:19:55.000Z","0x08eb7481846397a21cc36b0093ef077783f5ecd8b1b48d3ed916b63d5ef6bf5a","0xaf92cbbddc006c69bcc032baa981015723ddc5891464e396f13c93d6d9afbab9","13","true","ok"
"20462","2025-11-14T10:19:55.000Z","0x88fd16bf8d77e2091116e5bba70834ab7851345900476e6030d9f12a7004b21c","0x8cd99f8faf108b4cdb847d879ada04c79c7ebc34927815957586ecfeafa24f82","41","true","ok"
"20462","2025-11-14T10:19:55.000Z","0x7b4476c1dd06153b45d58bc74e30e6ce0650690a871b1adc55525d19516f53a4","0x49f2d441c13c45f5f87a57e179542c9b9c651ab1d40313e900ea1d65c8a5d343","40","true","ok"
"20462","2025-11-14T10:19:55.000Z","0x8180b7a3bbda119cb44913e5c031abca37287372b9eedbb382e11e0b3e10fe9b","0x53caff7afffaa3a45d672d1edd2cd1a739bd4e08754387481095f75da298d5d1","23","true","ok"
"20462","2025-11-14T10:19:55.000Z","0x2fd5910a889a1f040301b99acb9bb5421c9c34d535885da94781a1fd7c098fce","0x3e298cfdbeb68b597b9168d4d6731355e9f33f092a2588aaf21d3ae88c1e8084","27","true","ok"
"20462","2025-11-14T10:19:55.000Z","0xfbf5a29b981ff12e261bf70c56869924d59d85be1c7a2afb754ad465a3feaef8","0xa91effdd25719f5d698f28116450b3cdae39d67d3beaa4ae7dc5d402d42ad3b7","15","true","ok"
"20462","2025-11-14T10:19:55.000Z","0xfb78d365cff16321db28a2919b26a6309cf732d50aade7f261f55266b3d7ad12","0x6ae0bc3b96ab9817d860c09e8393e908f4fda2eca90b088bb55f03c0ef7cfc68","8","true","ok"
"20462","2025-11-14T10:19:55.000Z","0x4f90c0fd862682f5233f32f24e91f7b0860e23d7643cda988c0111d459faeecc","0x47261205f6e90669a2af1c12fbafee84c8bce70a47b800c862fa6cefb5e2f1d5","15","true","ok"
"20462","2025-11-14T10:19:55.000Z","0xc6c1da34d1a6c94e06f646daf0d4c6266d5d450b10399346f56b10b2880ae6c7","0x5b1314cb1263e5306e1fb90b2bff7c40f22227d78259f4864768d6fe48f75f81","23","true","ok"
"20462","2025-11-14T10:19:55.000Z","0xc65644c6afd1d79f13e49b5526bced35be8d4fdcd035641b1ee420b8cff2faaf","0xd05be0b49c2f59f5b8f4a0b34d5da6c36cd7a83bd74c087b79720d027e297cb5","26","true","ok"
"20462","2025-11-14T10:19:55.000Z","0x0a753abc4a24f5819c25630b1ef395b678adf4e65bbf1bb931da10dc7266b5c2","0x4db64bc9a470bf99fa03eaa47ccd694403bbcde5389fc1110ceaf91ceb48afd0","27","true","ok"
"20462","2025-11-14T10:19:55.000Z","0x87b49be2fd70a881dee1b959a9f0763d2716f913d1427d3f1657245c4baf2647","0x859a37c39c3d179ce5d053360535e14466e33057f36cead9bf9868c48acc7d68","35","true","ok"
"20462","2025-11-14T10:19:55.000Z","0xb21af1fee0c16e89cd5a755c828a5448a2053aab6abe65570eab2b61fcbd2b54","0xa29024022abc648484adbb6d481f411d9b1194e34af1d01a3a31c96c5fd63d76","13","true","ok"
"20462","2025-11-14T10:19:55.000Z","0x91113334812e11866c40ab77d71349e42333c99de6af0fdf169127855deca9d5","0xab50927c18ace2467d465e62ca891a17ceb94ea551b369cbdee0f9fa40b4dd26","7","true","ok"
"20462","2025-11-14T10:19:55.000Z","0x6d08d891b0fd68da8db887e1d1f6ce008c04b32b0b572d4a398f34f40a62e9fc","0x2b311eafd0d684366d2fae88f7ac611239492ef76e98b4e36590519541e1c2f8","33","true","ok"
"20462","2025-11-14T10:19:55.000Z","0x36b2950312c496a4aa0a65c734b07ef32fa38e8ab4aec87ca417b6455e9849ae","0xd82c00c6d4d921a0883a5d8c284981c8c4e7fbef34083525a2074a000eca66e5","17","true","ok"
"20462","2025-11-14T10:19:55.000Z","0xc4a000feb6b7a5c4e1a8f841a0bed15636b005a1877a8333e07661117a6cad95","0x0e47f822d5dcdfa3f6015f02ab6e3b9651f06e5250be086d5d408449ec62f279","31","true","ok"
"20462","2025-11-14T10:19:55.000Z","0x8d3be1a6986dacf0a2efb23caaf04c825e96afaf04090085c4fbc8a90419e7c6","0xf38af4c1c69668fb769b514d05da4151a60653764952d0b28afa7432d116ac28","11","true","ok"
"20462","2025-11-14T10:19:55.000Z","0x2ef40e8a977f8d97f87c3dd5d1b4b37ce46897c1a3fda15da2b58ae0c8972dd9","0x9b88cb257418158c0e7d7c8090d80c20a41e06a8975014b2858dd1caa264a8bf","24","true","ok"
"20462","2025-11-14T10:19:55.000Z","0x5719c1ed10ed728ba0bb2901234a8993e57117d6ecd5025baaf9a70fc77ca906","0xdac0e30c1f598c47fc59573e39dbc92bf81d485071b45972054d097decacb8e5","29","true","ok"
"20462","2025-11-14T10:19:55.000Z","0xccf0d4c4c05e309ff0c354c7b3fd6eeb76356ed8f657cb75a99716b92c008427","0x467ed482a26ea7e75d75684ce16bc9468f968642272d829f85b20403d05fc8e0","9","true","ok"
"20462","2025-11-14T10:19:55.000Z","0xd2dbc4381aa4a3a14071225418b5f91fd4982c9a95f9028883cde0188ec24fb3","0x1e052f8a39e973083181647ccf281d05aa234873ae79c43c8f8d1547313e75ef","20","true","ok"
"20462","2025-11-14T10:19:55.000Z","0x1c9d64f2ab726aa683d62249d59a5fdde85bc146a2f6c9ad0ff949479298eec6","0x7970240aac565def652b3ddd2b36f873c16d4eacc1c78eb56d8f105154dcb93c","41","true","ok"
"20462","2025-11-14T10:19:55.000Z","0x1aad11bfab4bb1642ac37664eba6475edfdc1bb4bb22259e7e7fa31957605919","0xda049111d2bee2ca8ad1ad35bb58cf18006e44727b2f4d69e98960f269176532","39","true","ok"
"20462","2025-11-14T10:19:55.000Z","0xcb24351b4092f1411a7405656b8db80f063edc4c6ba965e79764e391c718bb2a","0x07202dd18b0798017e5318f6efa00b08c8aceb4580bd01d6ea4a0229fb749137","5","true","ok"
"20462","2025-11-14T10:19:55.000Z","0x8ad5acf3c30f15d6b8d29c931fa97b6437ad7058b58997fcc8c868c58b82e5a8","0x2528c5b9c7426a77b3807e61b9dd93df3dd88770dd5fb7842db719fea94fe2b3","30","true","ok"
"20462","2025-11-14T10:19:55.000Z","0x3ab09f018af6a8cae3839cee23d3fb978bc371f53fdb445c7e23f4ca170020f6","0x6dc7f20e8443e5d027bc44d84f2f90883e54910a5673dad5baa77de7ee70d0fa","13","true","ok"
"20462","2025-11-14T10:19:55.000Z","0xa6399c03ef5ab82f2e710654ab997e901b01e08bcb4a5343b62b9d6d2596b2de","0x751f568cd2c2a8c436518091a4fda8744ef591b844731e3f6a45c1810a4c5ec8","33","true","ok"
"20462","2025-11-14T10:19:55.000Z","0x850b8a16995ae88d064d2cfe04a88a03d93298e808d5494e60a47bc7876c2380","0x8f063b764e20842748997b0406043e3f96a7994d17fac268bdea110c381af4f1","37","true","ok"
"20462","2025-11-14T10:19:55.000Z","0x988f3836114f00fadcf91cb2e0ace04682c19f488f60e5df4c4470586c1aa0c2","0xfcc2f092d709d7a4c003c32362fc2f503f8e0d846039f506f79bb9588c6478be","37","true","ok"
"20462","2025-11-14T10:19:55.000Z","0xd04c1642d57cb5ead0295ff8dcdba8e1a83745b2261cb9113758d3cd98c98f23","0x61f2a134e7377b52cee5db1800a5c53d53396778873bd07e0fde6bb307a77382","33","true","ok"
"20462","2025-11-14T10:19:55.000Z","0xd8830439392411cafad90c506f53242b7cc0e12dcb3bb27710bc543c64922d0d","0x4fe8eba236fd040d44ffc792dcecb42138f0dddd1c773e75c60fc06c0c5b3b69","25","true","ok"
"20462","2025-11-14T10:19:55.000Z","0x3e1f4a8462b1f956de6e577f350c8faf939b2d6d1c2a145a87de28bf8040216a","0xf3dcb2b9b703d2765b2a30f8a6b557e477ffb8e14f9a5f0c05915f3b929410b1","30","true","ok"
"20462","2025-11-14T10:19:55.000Z","0xa9691c54ffd42c43f6ce5a81602090976065888d688158faa165109b7e15f0be","0x0cc4703390515e9f5cac2723c85bd4ce01c0644dc5765c1dbfc75365bd1f3331","29","true","ok"
"20462","2025-11-14T10:19:55.000Z","0x443bc438a0f8fd4c5650f17f18f5676bb597accc6a4819cfbbf82b515eff8d4c","0x7719a58cf8be8a27f655a703078c42d34c4ea007ebfb322d1c370a72fb2a5073","11","true","ok"
"20462","2025-11-14T10:19:55.000Z","0x39147bbe0aa2ab2537d0daf17036d112b9b9852cc85daf3d675cdc023f275897","0x9f4d24908e7ff6c612f8a3e080a00bd458a23580de0f9a30155e4f4ebaeb235c","29","true","ok"
"20462","2025-11-14T10:19:55.000Z","0xcd2197e1e04bc302d07d33c1471006b62c08d782c897a0d8077cd2b9923a768b","0xe4f33dad52578cef76148ddf0cbc35aff7b95c19b9eedbcb911e270c68dce70a","18","true","ok"
"20462","2025-11-14T10:19:55.000Z","0x9035b127192212365d353ec1851f37e1c9b2ac089b5bc96c36fbbb19f362629e","0x1c226bc265e43c7942da677ca5bc419613f6a9eb899ade2b0f9083060472ebd0","34","true","ok"
"20462","2025-11-14T10:19:55.000Z","0x34605934affc11e3989a8d4ff6d9d35b128a9781f5c461c2a02e4df4323a6319","0x6d515eda6033cbc961c3634679f9f594651cd0e0989e0b07098adc7fb35ea166","9","true","ok"
"20462","2025-11-14T10:19:55.000Z","0x1e7d5f38a8084d3241b749ec7a92b34fbf18b1664bd19ba708b15ff097e77c54","0x60d4c7ee0cf15e18a50536b4f8e96f57228acb795adcac1e747a8951aa6b5517","17","true","ok"
"20462","2025-11-14T10:19:55.000Z","0x855e2651a9392068cbba9e81ff9c09ff17d2b2b1523d3f2a12acb40e9de0870e","0x4da639d17b9939bef7a5a0e7462bced70f2efa388200b8a5e5d5cdf991a84e01","20","true","ok"
"20462","2025-11-14T10:19:55.000Z","0xa98f4910c11f5847f8097ff173f20739ee8383cce8e9807f9d33ae5197c23dab","0x717bd0335d008938b49d34e61b1b2441298d0e60b130adfeecf4e2068a78836f","16","true","ok"
"20462","2025-11-14T10:19:55.000Z","0xdfdc5899d3a667946ed19adefd4f6263fc808fa7bc557654b670fca7752b4c30","0xc0332081525c12f9201f0a0dfa9bf491010d675e1c3b891c2d1e42d4d6f07691","20","true","ok"
"20462","2025-11-14T10:19:55.000Z","0xb0cb8d6406abb799c47a14a9ec7f7b1d803de834dd510526428388d5a017c621","0x4ddf65d6be31be78cab7d92643d7d6ba4435795e6b02302cbdeab11168118f3e","8","true","ok"
"20462","2025-11-14T10:19:55.000Z","0x929f6cbed21fe8067ecb140878482fb59ed309d768dc7341c79e864802a5016d","0x582bf0c92ceb160962f2f1ad68bb2cdc281c714d991d73cf8151f80059a0b352","30","true","ok"
"20462","2025-11-14T10:19:55.000Z","0x00bd24271ff414d8d87752f6cf2db2e971e32e6ec82325e3fe5a020448e7154b","0xbf532db15527d1d70033980c7c6e8d9b2b22b2237d84468d1b8e8917c57920fb","3","true","ok"
"20462","2025-11-14T10:19:55.000Z","0xe88f952efcbcb3bf7c0b13a00d753f69259a0050864272aef119004745c83848","0x032c2071cff141f273b98fd665facbccdbf0fbe745e7db76ddaf750dcae625bd","42","true","ok"
"20462","2025-11-14T10:19:55.000Z","0x6f6c92b97917c3f8b9d3dcc4105cb10fd0a59f0abdc7e548e45401daff10d586","0x4c34a601dce6674d01cf9894f6171d6a59d333c50b1db468c381379a773d073f","10","true","ok"
"20462","2025-11-14T10:19:55.000Z","0x802a594603e273db9d80f3932002c53b4dfadbe9de039ee0a6fd2f69c50c893a","0xba1fb2231d86f42db12dae467981aa8cea61982c52234fa90d237634c27b3928","27","true","ok"
"20462","2025-11-14T10:19:55.000Z","0x18d255f73d85d098bd81da602ad14fcbeccf7cdc23d6b503009cc0087d54f6a3","0x3f2f8d9c35287ea0a281b60e411cf5793523f1bbc7c7fa40172acf9265c8247e","27","true","ok"
"20462","2025-11-14T10:19:55.000Z","0xcbac8f1b5d301400d50b98d17d288c076c87b1aff6d98122835efd505dc30f31","0x59b905dbd13bd856aa56347f7457ee6a6f9326fc33b81a7335b0c2299e99c420","38","true","ok"
"20462","2025-11-14T10:19:55.000Z","0x7a5b548dccb92aa91efa18d5cbedbe8d18741ae41b4ad2990255a74e9d825d52","0x42d3eb6c65fe3b9910c1b4967749c4a2c35bf311c157551939be4d0dedda7a13","30","true","ok"
"20462","2025-11-14T10:19:55.000Z","0xb9e7344cfc354a9718c26050475fecb47c43411ff47be372c114f14f91fddd5f","0x2afe0c7af8e1c92a3956f272284a2953d1919d1d7ac74337b4a3b6a72df03e2a","18","true","ok"
"20462","2025-11-14T10:19:55.000Z","0x7c6d32a6297149e75c235adef948c89c3ab3a337db6b8651b239afc83a030886","0x42cc00dcff6c838d4d4f3855df450927cb7437946ca65cfc908b31853c4cdf80","34","true","ok"
"20462","2025-11-14T10:19:55.000Z","0x743c2b97f6ae72235d0a2d66ffe1b3178d499d80126af9c8fb1d2da25c4ac9db","0x3d02d9bb283c55f087f54f25f4ff8ec92fd5ba5da4b302c54eff5858049d4e18","24","true","ok"
"20462","2025-11-14T10:19:55.000Z","0x6812170030629db388240e8b904dda29ed8a587de81f73e5778e5318b371a5bc","0x8802dacd44149eb0313943297d239ae8d606d2085dde6b86001fa315e839b4f0","31","true","ok"
"20462","2025-11-14T10:19:55.000Z","0x213141d5ad67e42833f81a56b3083ba35829363e6fdc5e7e664dc56802807ce2","0xd125ef431c0d49cb19e7f9e561f76bed53a77eee032aec6c82229035e92fc4cb","19","true","ok"
"20462","2025-11-14T10:19:55.000Z","0xefee14969423c79e902a32678b5118032607501fddfbb5baa96ea4a4ecde4ff2","0xf32136dc3b6f3c17591ca60d358ea307103e7a905c6314b0f0154dd9aa02bbbd","20","true","ok"
"20463","2025-11-14T10:19:57.000Z","0x97efed0759822dded4e91e8dda3dfd8401e40ba5fc727be8649262f147193042","0x2e89d992c3b0a739a672fd70ab13e3e3f468f57fa718f3c1b37af2fad6f09bbb","7","true","ok"
"20463","2025-11-14T10:19:57.000Z","0x2d59812acc78d063472594ff596ed9b389b918bb0cb5eee3881cb75465d17280","0xe5cdde4ed34983531a8a452a5b687bc2b3622c1bbe39c84e5001e5a40056cb2b","32","true","ok"
"20463","2025-11-14T10:19:57.000Z","0x4ac8b1d0c2944abe6b9881ab80634bc150074284c840bdde08fcfa943ce5b27a","0xb364708ea041fc2a019b25373781b8e172c4558bbfd27cf61c56027e0b0b853d","10","true","ok"
"20463","2025-11-14T10:19:57.000Z","0x83016ae1547caa0a0b9d92e00e69dab20383fc2c60651b75551e3d9bf0c3ab34","0xc41eb3db7e23d2e5a901861633fab479c3f053a9e6f647996558e464a9ea1d8e","6","true","ok"
"20463","2025-11-14T10:19:57.000Z","0xacaa026b00a90d9448a8bfcdbb035e2980a845e438d22643f7fd931d64e6b20e","0xc73257549d89ec8f774e20dc469913ea1804eb7ec5257fe0bdb5a9327fec4784","30","true","ok"
"20463","2025-11-14T10:19:57.000Z","0xdb94ea9f84779be0ded8b39fbaf2cebf21844c47a423facb74a79bd8da307119","0xfebdcc4414c1fdc34ec546826cfdb6bd7eb70c50de97809780356370a8f1eaa7","31","true","ok"
"20463","2025-11-14T10:19:57.000Z","0x63a20c6631acea735565c9c3d7804f0c56cce787e1f795f3928d341d530d785c","0xfe0992fb963be0ece43dafc8d17f5c47b9b65418a6bb5f4348648f79d7f3aef6","16","true","ok"
"20463","2025-11-14T10:19:57.000Z","0xc739344912026c3bea73ea04085edad94af4af4a1dfc59b38e64d40bc8b583eb","0x3afcc09c485bd6d8ab2919f5ba7aa36012df9044f7662ed500ef9e53042b3700","40","true","ok"
"20463","2025-11-14T10:19:57.000Z","0xafcbe1ffb02bf8e0f3a73b59298cbf6127d1668a4924fd767393b51a0f98fa48","0xd870ef23812a04cbbde46f64d3c540a2844843fec5cc6662ce42bd3912040d49","40","true","ok"
"20463","2025-11-14T10:19:57.000Z","0x85d1f920f3bebe5c830bd73e09562c22d1552fdddc07335192e4438839215d89","0x1af9251f0ac727e177b80e5a5f537bbd8ab11cd9072d2f0df736d45c431b81aa","37","true","ok"
"20463","2025-11-14T10:19:57.000Z","0x7083ed8c3879b37adf8ef9ac39e9a5821e020cbcc740fe3e20e59bec61fd469a","0xe4624b6b28322d3dbc2b7025d2f3b0735e7d5c1dcdd7c7322029203846d53e91","2","true","ok"
"20463","2025-11-14T10:19:57.000Z","0x3f30dc47db7e8d2dc551fd5184ed6eceea0c53caf41c415189b644ea5b6d83fb","0xc1217edc29e3c38a22b3231bb95cca7ad534c3b9bb22a1551d41e0d782c0cd5d","25","true","ok"
"20463","2025-11-14T10:19:57.000Z","0xc884d6932cbc69098afbca75757c65bfee629c01367615c39824c9280953fce6","0x856b9e2a82ff0e2f85dc1d70d1474893650e92122b781128f69d4cd30fb6fc40","32","true","ok"
"20463","2025-11-14T10:19:57.000Z","0x70ea43f0a227829c137708b84c15f468487989ac42bb960e837a26d80abe69cb","0x216117a31e634ffde18cb8f5f0c2caf9af01856f582c1bd0f384ac0320398e93","8","true","ok"
"20463","2025-11-14T10:19:57.000Z","0x324b4988d7dadefdad337511585629f766316ba39de2867135ff92b99b428d9d","0xbdd38390784bb412c0ad4e8befeda2d08598b030f347f7f7ee938bc4e998d671","12","true","ok"
"20463","2025-11-14T10:19:57.000Z","0xa07d7e5ad059d1f3e52db0b64fb61438817e0006667ce911808af55d9a37cc26","0xf34dd9ed1eff40a930f54e3ad46708fa6957ce040e3ef60b3296eff2311f24c9","15","true","ok"
"20463","2025-11-14T10:19:57.000Z","0x99ede61ddcab43a3d3023ec3ce09cdf927c28cd10e54b8498117e8c348b30b07","0x5d0b3a6143659ea68f5c686a4008aad2eadaf5e34a28ccd0b3f320e7544bfcde","20","true","ok"
"20463","2025-11-14T10:19:57.000Z","0x6616a6360d01bf0c7cd108e777db16905383219135bfcc0ea8b55ac4693256aa","0xe5a123e382a073cadb4ca2bf8a48b87aad02cdcd74c05b7462f115c485832e6a","39","true","ok"
"20463","2025-11-14T10:19:57.000Z","0x81a8837305897339920ded4b021cedc12f14166799e404b69df41091d09e1039","0x5013c5b19dbe2bf023e56c7be5d083ee977a1b0f5203aa4a3a2f6127d2c67948","36","true","ok"
"20463","2025-11-14T10:19:57.000Z","0x932f11f469f7301069c33183e039a77fc8ae7ba586657a4473c19f443c9256ce","0x6feb0ecb879da64edd3c7bbe42f81350cf2a8939c14102b7455f3ebf97b356a9","8","true","ok"
"20463","2025-11-14T10:19:57.000Z","0x592e8442beba88cbe77eb4cc4992091673a4cac4f0bc4e8b34588dea168d8a4e","0x820c03a7fd7b51ed7346ca8d5b9be91b591388878d9bb4cdf44f2cf36bea5c0d","35","true","ok"
"20463","2025-11-14T10:19:57.000Z","0xebdc34dc348e696e5aa6100f5c71d37dc019aaea5ffd9a4b4bdfce0b887ece7e","0xbbe73c6932d30fcc3c92066fc3750d3e690a9de7e61900066eac01aa03739b6e","16","true","ok"
"20463","2025-11-14T10:19:57.000Z","0x247e3b9552c92e75fbfd327e890897aa96bd490a0a5e282593bbba81c19c8793","0x9d812d73cf3a59fbc0990e45731b88375a057064228193dcf7504401b7eab234","30","true","ok"
"20463","2025-11-14T10:19:57.000Z","0x114ee533bdac4391844e15180827b4096e1423d590ce7d4b1a7901a29b73ddd4","0x89f5d4da72e035d37547984c766305c8a7599e27d9f3f1aa095bac56060aef28","19","true","ok"
"20463","2025-11-14T10:19:57.000Z","0x1b8348af786bd24b9472d29f69c39761c501b8991c415fecea391085d980730e","0xbed2bb739c6661599f6bab07216ae4e109e0ce3d4d7e427436630dff1fe7e7a6","33","true","ok"
"20463","2025-11-14T10:19:57.000Z","0xaf5cc73821af34b9ec699cabbe11b36a7e85479614fa434ccc2f17b1ec62b2ba","0x9d9894f20ba56f8af99bca19dff1af155b2c4b41fcc82ea3de70548bbac96d8d","8","true","ok"
"20463","2025-11-14T10:19:57.000Z","0x96c50ed8a91d9fc5c299de774d9a4ba10438e595df16b083eaec385e2ff5923e","0x2b3ec0052882782b53d9ba3ba24e4e2f5ee150d086c9e46b46d2962c76e99b70","23","true","ok"
"20463","2025-11-14T10:19:57.000Z","0x0e7f99d8f4411d800221e62bb90845a8119d704de3faa41a6cc3cf60beb90c4b","0xd6eb272c00463b0893242d411c09acb59e78940b1cbe1b2bc69cfd8c787977de","19","true","ok"
"20463","2025-11-14T10:19:57.000Z","0x47f9ddea3307249b7acd685971a700074b1d9bed26dc4fd1f2c66a4602e4190f","0x14adfbf856d816f849283494fc2e82e16d2c6571f6cb938e009ca836d7070734","2","true","ok"
"20463","2025-11-14T10:19:57.000Z","0x8af0a3eb85dc43fa541692ab100888e8fa23b80c7e20cdddc4b8634a036a8c23","0x63a9c0d7fad89ab6e453739456740ab72d12f5c5597fdcddc7215acbbf3422ee","18","true","ok"
"20463","2025-11-14T10:19:57.000Z","0x4c8e1a200f71075873429b2574e52618575ec086c66f564aff446d27afd8a48d","0x25d3f0cf7f44b559be23ffbe64b714e3dc41eace8c9b4b70b86816a71b7e1f68","22","true","ok"
"20463","2025-11-14T10:19:57.000Z","0x2eff0aa12adec9c95276432acd980ea67a30743a89834e6c20f630d5db421ab7","0x48e71e18405df3c32da5f4796a185f3365c9b4c96b9c893d055f45b8ca869f3d","10","true","ok"
"20463","2025-11-14T10:19:57.000Z","0xa61d3e03bfa55f76934fbbdcca91efe593f73b964776936afd3490a826d09d0d","0xebaeccc2ae3d27945953ed407339593429c23aa0a758eea823af3ed654301dde","7","true","ok"
"20463","2025-11-14T10:19:57.000Z","0xe9ff3b93ff3cdeceebf9a21ca47f605be5007d289213a36e650e079e1e3fb339","0x51c04e1609a6a1c392cbcaa5b3c5a667f5043cb2f404ab5e6d8af67209a80a03","18","true","ok"
"20463","2025-11-14T10:19:57.000Z","0x0c88f25449b0b58a43e50ee7437187ebccfc704da19571ec5e7e14f0c74314c7","0x010719da67274f6066cae8ecf567f40d492142ae79ba30609a1eb8113cbe703f","8","true","ok"
"20463","2025-11-14T10:19:57.000Z","0x575ece72a5f4ffde2bcca1fc54c6b59f4feb273ae8e89e76bf8193e7265e1ed0","0xc4f43424175687b64f488ace4e0d528a433bdb7b0a33250ce49e55ffdb57a38b","41","true","ok"
"20463","2025-11-14T10:19:57.000Z","0x7c6a0b52018465bfa72000a09c15ce00432db1cd310fba8ee5a19a1ef2ad38b4","0xa34fe0eb8cd7cc98fa3ffd7cc524827a9eebc23a76f3a9df95f671f756186647","30","true","ok"
"20463","2025-11-14T10:19:57.000Z","0xe62e476649c6920ee8304c242b79b6f6558dc1900143dae6f05217a3079746c4","0x7c7decf8ae674d3c758fe816316c984333edbb2f1e40ce0e2db2df0b524310eb","32","true","ok"
"20463","2025-11-14T10:19:57.000Z","0x67b875f28078594aa3e9bbd6256f8e8005c36e611934999386839acf425ffb45","0xc04b559d8f021b12c0b1cbd71e0342c54d0aa392b7d0a082add6082e58a88023","33","true","ok"
"20463","2025-11-14T10:19:57.000Z","0x5720c7a5583b3a8d64636a1da9129aafd98e7b51f1a3cbbd5d2e9012eaa26782","0xe0169e27e928e55c5bbb3eb9675559aafdb0cf627b2b700a79716362c87248e1","11","true","ok"
"20463","2025-11-14T10:19:57.000Z","0x8081411a1925e4272958f5f94880ec9e423c9ead2f75dcceebab5551529fa679","0xd8013e6e20901d62c8ee0d71dd4801a87fcc4d771f2ffb511b172805ff34e0e8","16","true","ok"
"20463","2025-11-14T10:19:57.000Z","0xdc50d3a9adbab52c603324999e1369a6aa07f63443e32d17e934b2f1fa63940c","0x67120264b9d2f2c57d06359a8e36142f55263fb4e99e40d0724ed5080d6614ac","41","true","ok"
"20463","2025-11-14T10:19:57.000Z","0x3e2e4629ea184e66c5993623af896a8c4cfb275d6a23211605adda22ba99e6ed","0x3739b9e2299adc09b55f743da2a7f92d4e5ca74d64799a3b62a0cd44c4b7e7ad","19","true","ok"
"20463","2025-11-14T10:19:57.000Z","0x8da6e277ac03afd44a1ab3be227f4015a88decc9aaa00674e0b45366f450b5b8","0xe5d6e65b1a623b11bd7f164aecf9c1150fdb9477ef0eea851555f3d2d688dec6","34","true","ok"
"20463","2025-11-14T10:19:57.000Z","0x0696f56b421c28a957f00c390a842fbc386ecf4617d24231fbf20886626345f7","0x34208068fa92079243a0dba6e66d973a9f9b884d7c4a5de15e2a0e58b4299eb2","15","true","ok"
"20463","2025-11-14T10:19:57.000Z","0x558d0293380396be372e96d3722ee08d664e7a99f66efb0386eae17fff7023a2","0xde6a0f8f7ae0f1e83c0e93e99dd3d82b45427340a0e06ed233097d9661efa0a4","29","true","ok"
"20463","2025-11-14T10:19:57.000Z","0x15e350373da0e26521fae8a0bdcb23b7ff96bfcb50c39c68f4a49eaf10d2e2b1","0x134589d4ba8f7239c43ef5c67af8dbdcde9af294fd4bf7074fbfee3a77edc80f","8","true","ok"
"20463","2025-11-14T10:19:57.000Z","0x62e8b3d6c953b09a4bbe6d1c08539382a48cb304b5b3c3ae30c76c7789862fba","0x4fbf409df678a3fae357f1cf2fef68dd6a3649be847ba4c18130dd4824325807","7","true","ok"
"20463","2025-11-14T10:19:57.000Z","0x88a5f6ccb01e28c50fc470191502f59bd849946c69cd60a9786d3ba9c60ca80b","0x3c71a37ffd8ef4127ff2e5525cc36d35469e83508753c9f30c455b12b5313aea","18","true","ok"
"20463","2025-11-14T10:19:57.000Z","0x5393ceed6bdcaa88c08f73aa3bc1f493fc2cc389a604cb19dad7575a2ac84ff0","0x1f16070ffeed3486b3d169f05dfa1c6d6c7734f53c39ad33c6d1b01523c4c4d1","3","true","ok"
"20463","2025-11-14T10:19:57.000Z","0x066792fa60093933dba22a09bc262cd9760e798b7b79c8563fc77fea2ccd35db","0x36ff312b2d2eb52bee7fb6cf1dd8dbd80ec6e746852f0939c91910090fa6330e","2","true","ok"
"20463","2025-11-14T10:19:57.000Z","0x8e6ef3c902ac8b308b59f43979dc5ff6a4f192d294e6105fc735a65b506ed549","0xf54834dd1eb85c6b85e0001d69a93cf0a92c62b543a3e5b7229cd629d379e877","12","true","ok"
"20463","2025-11-14T10:19:57.000Z","0x4018111bfd9e4775ba956c09e0516f131a5aa563ba1072da4a75a7e8fa0364a1","0x6fe5a1c3be40f0adf4f8dcf135e529f2fdbaae2279d927ed5fc14aad923b9650","37","true","ok"
"20463","2025-11-14T10:19:57.000Z","0x7097060a2a8769c30a54e469757c4c7ea59de71e6e1552ce6c714c1a7a2c468f","0x74310d9023409fa94d901fcc93ca80d9be660c4df9026749ab7182c2b9c2cc44","12","true","ok"
"20463","2025-11-14T10:19:57.000Z","0xf49b4d8e86f05b6cb849b31fdb984e074c8491a8e5e6d257d20f46e3c28250df","0x3ec32df829b58d0f449f545d9e07ce2cdfcc1b0d70620829bcbcbf47ee55bf31","18","true","ok"
"20463","2025-11-14T10:19:57.000Z","0x3ede6e53449a9306f7a9ce22ffbb04df9bb4f49b78da4158e318c3dfe329066d","0x8609cf215a5072f17523584ae0a60320fccac02855407c8372b9a03afa0f5daa","8","true","ok"
"20463","2025-11-14T10:19:57.000Z","0x0bf000035503ecec75fbc63dd197e99cc8190c836cdf9a6b9b890a5d64dee262","0x0c168bfe6d58d53ef14b47b3e74e5348aa57428f6fd508af3f77e2d5201b2fa1","13","true","ok"
"20463","2025-11-14T10:19:57.000Z","0x75fa0583bdf576fd4fc45c8b5b9c7d496abc5ebd5fb56602c47bbab30bc689d3","0xf417987f48d6a359f9d434d708cccdc48be9382bb45cab471f79991494bcf83f","6","true","ok"
"20463","2025-11-14T10:19:57.000Z","0xa34d7a00569318bda5df76e8f3b2448056cf147a1d8c8e6233e86854a57f8534","0xffd57ee0a60ed5c66e7a162a0e60a4da257a90214a8531f62c975f9a3e1551a9","37","true","ok"
"20463","2025-11-14T10:19:57.000Z","0x93c542d5ffe4c0bf3e1b6ef6dcd36355e4c78a442b5fd450a9c79b3e435be76c","0x81dd8e9bfa0d27b851df1aaf1362eeb1fb8d945a62a2ed88edcc57711a3d13ed","39","true","ok"
"20463","2025-11-14T10:19:57.000Z","0x2a8ac05b652770258106d03ede6da2f7ec02b333b169c7575f077c5dcd599163","0x4e3de145e06aadea0d096e1dcadac9310eae6859a69d622329c29e8e84d257e7","7","true","ok"
"20463","2025-11-14T10:19:57.000Z","0xb58686f7770f94590a10c39bcbe7d511c245492764b6922b063ef29c86b5dc37","0x5db145da2badecdd9c3a65b45b847c6c631f864bb412b31fc2e6d98920f07f7d","26","true","ok"
"20463","2025-11-14T10:19:57.000Z","0x7bc37afbb6105859f09a0d1276c32a8ef20c36a39e71bdf0e632fc4c68f63e38","0xd2255f25f274cf63ec2c7e3a13fa5e76c681f46a58640b516446c2e2c4048f76","20","true","ok"
"20463","2025-11-14T10:19:57.000Z","0x291a1f828cfb01520500a0d0d70b3bb8f7c7fabd37cfb0296cc5bd86a3b2611f","0xa07d8b7be6576967ac68f0b5680412551a90f112f12b26785a5e9142733736cc","26","true","ok"
"20463","2025-11-14T10:19:57.000Z","0xddc81639840a2106ce722ce2282f9419c6b4a21b178b708623609db221acba33","0xc75b29f6cc6f200c00f3d7034c86c5c1d8840d00ecdd2788c5beb317dd47ebb0","40","true","ok"
"20463","2025-11-14T10:19:57.000Z","0x96018a49a7adb81fa0dda3c08cb772f6432b627c2872dfa2d85c38013ef0ba92","0x25b6c3caf73c112bada5366b4bb90a341d71d7a81075d5e3875df622563a80fb","5","true","ok"
"20463","2025-11-14T10:19:57.000Z","0xd67d69b2a5d44c7b6a4809067706591938dc725cd9e9d6e79b281bc3acd19bb9","0x708cb3b50774b4341677c4763b0ed4f5c6a365227d6e3c90bf1f16a01b6be12d","37","true","ok"
"20463","2025-11-14T10:19:57.000Z","0x22d3752530ab1aa068df6ed18a99b897be7a51fec0584c3f28dac6bd8891eb5d","0xd882d3ec8bf1aa4ffd285af2597ac77c0f5ff9c83347ed2fa610f13c387e06d2","27","true","ok"
"20463","2025-11-14T10:19:57.000Z","0x9b9f5ba9370550ab933ed0621b08f0e653a8768894f25ef6d09809de40eb1388","0x88ce1140914abd93c2f10ffc91b5bd41a5d83a732c8c44b0f10bc952b9f51b33","38","true","ok"
"20463","2025-11-14T10:19:57.000Z","0xdedf18446c0ac9e8faf8c2bc23c6a8588abfcd578e9b6ce88565442cde44d084","0xf6c6623e669963470d4c56d638926ae76750fb12193e2d22f411b54a3ab06d0e","18","true","ok"
"20463","2025-11-14T10:19:57.000Z","0x079848c6a015eb66737c8abcca4df00b519caa5808d7336e319faacc384f8d8f","0x4939f7801d1239faf2eca82d781a525fb899a975876daeeeaef0d55254ac28ee","2","true","ok"
"20463","2025-11-14T10:19:57.000Z","0x385d8b533bd12b62f5831a2e72d84b91a2bd9431749bdb760d393abfc428e043","0x96523c38349e49fd73d4c2d59ec4a527e38ce41334f957d9b864429e2c035f99","2","true","ok"
"20463","2025-11-14T10:19:57.000Z","0xd5642cab98b5a5386739c6c8a4a244da16b5a368b732891e20d7c38a5f9c3bed","0x20e7d1ebd24a142d48d612cd4adabc31012e6fd116fdf612e9d2f02f1fedd3ee","42","true","ok"
"20463","2025-11-14T10:19:57.000Z","0x73e30a242824426bc6f37f764d681c19693e51088c015ddc6fc876a927f89084","0xa33cf0b8cdb7e7c09689bb99df95879f4ce35738dccb2c0ed8d3311e28b1bfdd","8","true","ok"
"20463","2025-11-14T10:19:57.000Z","0xa7f981d9cba50682c69dcc6e81067473c348e0b8523b14281568ceb06c779791","0xc04dec4f26eed8823d1cb38185437a1818c9289191027c7337757ee6067104f7","30","true","ok"
"20463","2025-11-14T10:19:57.000Z","0x1d03c673da34f4ef1d01a8a671b3a05af3c032f043222b9ac5a6acbc4069127b","0xb51b6c5de0eab0b43729d618df10100ce1a67354434808d614bd120ec4eefdf3","27","true","ok"
"20463","2025-11-14T10:19:57.000Z","0xf4b989cb9319262e5d1b45ed531024bf2d7eb9c342e275f412404162a26449ae","0xab4308e2764a93388281d77e2529041b1f9e0f7004395700535cd1e3e3bb0f5c","39","true","ok"
"20463","2025-11-14T10:19:57.000Z","0x882cba438f6b901914ede71b598eadbb6922c2771f00bf313a5c6a60b97f5b5c","0x74fb702de45dcbd86cc69e71921496d04e569ec95906002822374eb8ca72189f","28","true","ok"
"20463","2025-11-14T10:19:57.000Z","0x88919fad10e36828ce7dcc27fc19892baa468ef76e389f9d0219cce6fba681ca","0xc9f8eb8974a6de5a0329bca504329b04c1e2b3c3d4451bb748e6f16c79dd4791","9","true","ok"
"20463","2025-11-14T10:19:57.000Z","0x8c864539419a4562b3a4480edd969f9e1eea47448d73680bb3604aeccea384b7","0x6b487e68704e4aaa10ae0851239d7c49c6a7239af181e2ca8bad069034a62e18","7","true","ok"
"20463","2025-11-14T10:19:57.000Z","0x46a4bbec155843e36fb9c52cd5885dabcef321d1efb0342e061892ad0423a238","0x8a118a610884258f3a06af335ab534e26e104e7e29e02c33a8da90bca9782642","8","true","ok"
"20463","2025-11-14T10:19:57.000Z","0x92b1077b8ef74feefa782538b434c1240fd9d9322268014b3c45cdcd530018a6","0x25eb4aca849673acacfcdd5d4c6e2d400f85b4c8181fd9e7681490bb408e2213","2","true","ok"
"20463","2025-11-14T10:19:57.000Z","0x90c1a998a55e1c7bee3203caa1006c88578f40529c96268e9bb1cd968bd090f3","0x7937e1e5b1b4576ec0b4a378a39b94dc456305b634d73f78539dc4acc014a693","15","true","ok"
"20463","2025-11-14T10:19:57.000Z","0xcecc9ae95a18808e176692351e020d04da51076e17077d863aff4a7e6d81f6a6","0x5995bd7e25947cc6a48eb247c4905be3d5927df24c98febd93e36aac978a916f","27","true","ok"
"20463","2025-11-14T10:19:57.000Z","0x98f0c1a1baaaa5253ee1c82fee612df8af5c90987033ddf456ba3a017143ab01","0xa4831c0afd2ffb0946d678e6c0db966b1885341d7ba950b9613839ee25b5a9e0","35","true","ok"
"20463","2025-11-14T10:19:57.000Z","0xc02cb10b897f64210ea7e87517a4b669be2fc2bbf7f78f83272c2c4713b9378d","0xf5ab2cd1b0d9743947004128d48d6f269877ca794d4974dbc40d8d9a2802e8da","15","true","ok"
"20463","2025-11-14T10:19:57.000Z","0xd29471411b7df59b24c43f425328cce83dd7d16f3d6863044bdf9f5edc4dff4f","0x72ba8a0391c31bee5dd83965028ad73f3145d53a4e2a23124cf73f0f3fbcdc45","15","true","ok"
"20463","2025-11-14T10:19:57.000Z","0x335711501f21d688b25a497d7f68041678b332005cb47f3c71a19cdf94dc12b6","0x9213fbe1c121d19067ded1fafcb23e0a98831031963e1881e85faa35ff871fd0","6","true","ok"
"20463","2025-11-14T10:19:57.000Z","0x6e124d3118a83e92f463b1f3e82edc1454d0c7423a000a32e219ad21f1013d11","0x9467ec1013ee1e7ba4609cb5fa9ca5b36e75b37398b03b810696a923d67839ba","18","true","ok"
"20463","2025-11-14T10:19:57.000Z","0xa7f32300a2add19a2422976c322412d13dc184865687df44ca72d61f815c48c9","0xf5a00301b5a544fd9007c72e4ff03129e70fbe3dfe542a6c043de6bd2b320b4a","6","true","ok"
"20463","2025-11-14T10:19:57.000Z","0x80f2af9573a617025e9a1578c34366001df61d5854866cb0143de7b14998c837","0x22c634ff7896d60320c22bba8bae7c311f5441e8a639f12bfa5b51121cd771a4","27","true","ok"
"20463","2025-11-14T10:19:57.000Z","0xc1ebd00f07710e37c7cac40ead881f9acc0443d60f472f87f90f2b52d4bbcf50","0x507f4ad96045e29be3083b5d6453ee6d45aa9ef4139b247a6343a16acf86f9ca","34","true","ok"
"20463","2025-11-14T10:19:57.000Z","0x2abdb969f9360ff87d4c5e10b0566e0fb9e7b2d7861f97ff45a012e801ff77f6","0x1ac5ccf4bbea1eba2600bcc93ef45f088135878432b41d7fdcd8b7d32b35bbd5","18","true","ok"
"20463","2025-11-14T10:19:57.000Z","0xf1ffa0ddcb6286058868b7ff0dd3020f683c3d732d876b4f9697ee6775cdb897","0x5713ce10d5e2e54d7c52cd2f6e28cad2fa801a8473cf3f2d45c7b9e7f7128427","16","true","ok"
"20463","2025-11-14T10:19:57.000Z","0x7ee1481b9a6153f9c6f1b39314aeec1f492b0aa248b71602c487cf4e02afa3eb","0xecf4fdd0645378174c7d3aeb3e4d94844a59fe87496908c022b4d8d98dbca5a0","37","true","ok"
"20463","2025-11-14T10:19:57.000Z","0x97da181f177696a5e8981c4d05c9b7d0599be18ac4330aa49d8f9c8bac1b3dfb","0x7ebf64d88f2025c7e92460cb960bff50b775fe4c0099159d183054eaafc3e11a","31","true","ok"
"20463","2025-11-14T10:19:57.000Z","0xc50da68e000f36e4b6ea5370fe743b2c8841e32bf2e241651610e2fadc25ed22","0x2c15633e0dfa39d402477ec73fa11df71f652133e66d7a36f2f9a9ae71db22a0","21","true","ok"
"20463","2025-11-14T10:19:57.000Z","0xea3032697a0d089c25f3122bfdd1851b992f09ef8671f89ef977425ac2d53160","0x290e795af968180f41e243136e23759b8df7f0bda450b3af57596f46668c50b2","31","true","ok"
"20463","2025-11-14T10:19:57.000Z","0x8843a55fef931e74a272f63601cf73fb330bf6ffe8b6135ab13fb0d42aa3b7ab","0x00fae12b5bd59abb8ea4226cd19eddd1217d08ebf185a6703e11b6d012a6a662","28","true","ok"
"20463","2025-11-14T10:19:57.000Z","0xa50497f2dcd4ba6f7a8f8cd0b782c1d10882d1b8a522bc27538362d5b0b34928","0x8e8f705d6ab738835f7d620812397c54e77951ee7853592dcc074bb136cd3e2c","36","true","ok"
"20463","2025-11-14T10:19:57.000Z","0xc8a80cada02d501d90ff440962b720a61325568da8a969d1290eb1a768072555","0x55d27c1d815cd3f452fab7e39c315601bebac9211d45dd2f43deca142839eb4f","31","true","ok"
"20463","2025-11-14T10:19:57.000Z","0x2ae46e5227055a455ab9dd3fc45f242fdc4df25086bcc6fd0670d55a24d400b4","0x94b2020333fc082f045a05211ce2a6810b266535e1bb496cbfbb1701ce17cfbe","32","true","ok"
"20463","2025-11-14T10:19:57.000Z","0x2915701ccdb544c071ffcb3bc3b31858052364badbfd4b78e60d3d560cfd6873","0x70decce0650062852776460ab6cd5d862c586edefe5c36a56aabc4e840a893b3","19","true","ok"
"20463","2025-11-14T10:19:57.000Z","0x71a719b81c028653cded5f41060ba2b8e28e0a3f6e203cf31c65068d560b2374","0x5c80eede1571aeed8e6c24b8de790d90d0afd30d16e9f52b6eb80b141696700c","19","true","ok"
"20463","2025-11-14T10:19:57.000Z","0x776f6a0a419df9dfd7bedb74bd48a7e354860c53001e099f8157d89ea7d58608","0x1c44bff570db7542f57fb3df43663907c9341e658153426d512cabd6701792d2","3","true","ok"
"20463","2025-11-14T10:19:57.000Z","0xbc9f9c97e67340cc5a001a6965356a08dd19b4ec3e324c9b7a0faaf0abd51b7f","0x03dae2c769da0a0bbe30765fa32ba5a91dbfbaad235f7cca79e2bfd878b1c2bc","25","true","ok"
"20463","2025-11-14T10:19:57.000Z","0xe6232832eade7e5b59079da000952ae7e73c2a83fc9475f69625a9fb236b937f","0xde22fec5670106daf74a5704404279e34d849f9e99ff6d8995a5aff82fb42fbf","16","true","ok"
"20463","2025-11-14T10:19:57.000Z","0x7c88dd53fd513b964f70fa40df8f57f3e9504cf0defda009a54a888e58950d4f","0x39550b1080ce5ef802a83b470c7cecdeac81c0d7ea83fc092a355963123f4fa4","37","true","ok"
"20463","2025-11-14T10:19:57.000Z","0x64270cef33909c74185a9c23c996ddb24885b48094ce4a3c89f7b51ebaab4516","0xe5053e8264eed69cf94319033352faf65e529da75ca533c3e3a058b221aade0e","15","true","ok"
"20463","2025-11-14T10:19:57.000Z","0xdfd5e72c6de4a9fdbd8df1537b33d4b9ac5c34b5eebee567b705962a88c322c0","0xef71611cd2d430ca498630837f2d5d9fa0b33e2a62ca42db4e4828de9d7ead02","32","true","ok"
"20464","2025-11-14T10:19:59.000Z","0x2bd6b0714b5cbfa1d5b981eab01a89d66f866f4b9d20dde2b7f6f10edaa21908","0xf1feaa1be9e3dd90e048ad401b1e9a52941684b97c74a9abb88cd2adb74c50b5","30","true","ok"
"20464","2025-11-14T10:19:59.000Z","0x9391059a9d23e5713f3b4a82762f3d2bcf8abb9ded01449c5c7d499285b8e4bd","0xdb38f240072770a02ef87b0fccffd12acdd19c1c94a225ef213002211230a862","12","true","ok"
"20464","2025-11-14T10:19:59.000Z","0xb28140fb84476559829ed0e5d3f5d7374dd3e6655cd3fb59012ad86fe793006e","0x3af979d099c9ff3cf0938fffbe4e6edf1c5b517aa0762c83fb1fc1703aa2b64f","22","true","ok"
"20464","2025-11-14T10:19:59.000Z","0x843352e1d849cc5f50f11aea5abc1ca3f8a35a268440f5a26f82e09d81647e50","0x1c96faf832919a90f8d10bee4108a14476e33643a3630c93b900f26cf8d7257b","28","true","ok"
"20464","2025-11-14T10:19:59.000Z","0x95dce5ea7466a022d0a799a3192029f86f6e6605221e0d030d4618cdd90eb331","0x186364e93b0db7fa8cc2713a1baf140033f02410b32868538c5b9fdcc11d390f","6","true","ok"
"20464","2025-11-14T10:19:59.000Z","0x1b150a9e431d37c6b979b5b5c0d38d52df9ddd3558affe064392b51760efb688","0x49fc640d074f36aa160938a76f0eeb28dc568b03ec503a853ee51e1247de89d7","26","true","ok"
"20464","2025-11-14T10:19:59.000Z","0xc0bf0b62ddded64963bc91cd8987023650ffc21c50ad71e5922a4f031a460c04","0x942f17b69f2019191f7fbd029b3551c80ef0907448cb42719ab8591591829344","7","true","ok"
"20464","2025-11-14T10:19:59.000Z","0xa7f71a423e203f0041782e71eecf920a8b7299c835f8ac495a590b61114ee56f","0x9c728b411b3b2a52a4cdfbbce52079029e730a3e27965827a1a1401eb08158dd","37","true","ok"
"20464","2025-11-14T10:19:59.000Z","0x1c66ae0067895d41881e4946b1c690d5fb2231be34ac598ad60c07c57caf4df8","0x813f27ba84fad61e3d6bb887c40fe3bd196d74503328f8511cd884f9883679ff","31","true","ok"
"20464","2025-11-14T10:19:59.000Z","0x66d46845a1c3f33f13e60aac5aea70ac32506eefbbe6076a6c2b1fbfc83fc21d","0xe5825971cdfa352a39208521c6d4be64182ef7d52ce593130d0fa5f6cd823aab","14","true","ok"
"20464","2025-11-14T10:19:59.000Z","0x5b2c5a93fd416171c4e8bfc7ab77e1b0ae22b8243ffb8cd9bfbd971d2ad1494b","0x1f0830ccedb3cd6f6e9363b511f2da7c329e4054722e7164b9c20c82f3327d21","24","true","ok"
"20464","2025-11-14T10:19:59.000Z","0xc1e7a1d8d8b256878f617c3cf304b8e3a9af95d57feddaf4adddb86a282cea75","0x2bf05bf15965d63129c4c2909e6c884af10538c0b23b599b76e6be4a01afbdc8","15","true","ok"
"20464","2025-11-14T10:19:59.000Z","0x3f59cb91b8b44427dd24be6ed98d158c59abef571426b7c427d291b5a6abbe0c","0x8c0cf8f95e527e32008b8a2e3403c16d8b9cb37986fb921f67d189e58c1c499a","7","true","ok"
"20464","2025-11-14T10:19:59.000Z","0x9ece6c8fe9026bf49d02d181c38f6f0ca64a3d3b2e77e74f607f76b850965784","0x1ba77777dae5939f56ee13e8340c38546286f63bc7dd6c8b9b157e48a9583f82","37","true","ok"
"20464","2025-11-14T10:19:59.000Z","0x593ebc4115d2a6e876670bedc2f5e60237114622d9cae95b3bbbb64d37373fb5","0x1605424f1a436141ef5f1a8c4c92c6c637f3fb21549e457f1c4bfdad87d540d9","31","true","ok"
"20464","2025-11-14T10:19:59.000Z","0xb39dfbf13a73790589443e37a25ae11d2ba707c6c3b3af7c76553064922636e8","0x5d422dd45df7e20f22a596de768b1d8bfdede9e985b01b7392584792a26666c9","33","true","ok"
"20464","2025-11-14T10:19:59.000Z","0x221be4728a726a8690559300b817cc2f4b09c13333e625ee64566af1e0bf127f","0x5bb529eb24f1e613b577971244d240623db61420a280466f3c90f929ecdf0c34","40","true","ok"
"20464","2025-11-14T10:19:59.000Z","0xea65d90602807ce70f2108db4dde45bd7f3eef672a3a0878c2b15124a6e9ba10","0x18776cff42f83e0f0f66638168aa155308299a4b5a098c00dcf9581e0de3f3ec","24","true","ok"
"20464","2025-11-14T10:19:59.000Z","0xadfe48b898f18bd3fe7be222050ddccdbb2227f70bd2aeac3f1ac1dc4ec83e78","0x957083d5a096f180d89a61471672b65d963daeb4e34ec3cefab1250cb112947e","30","true","ok"
"20464","2025-11-14T10:19:59.000Z","0x639ea6dd945a0ad028c7b530d5789f469e90d7e8409db168e1d8f2fda7f8fbd4","0x12451d3cc225e9f7c46d3383982e708bb422ac4fa0ba07184bb6cd3e863e1cb5","21","true","ok"
"20464","2025-11-14T10:19:59.000Z","0x10218e0f4fe78384bf3459ee0c78f5c82a974eebc3e4766b004a43097687766e","0x148ec971a1e2257fcc92bc519ec4b4c441f51136109c0c87a42bf61900d028ab","20","true","ok"
"20464","2025-11-14T10:19:59.000Z","0xc22ea71db40cb47c76347c7171e990c42e2162e703c0b7a027a9c1a70c89c284","0x5efc62b4cfe920479171d6bf8ee4ab588faff2e142c253dabddf36b4a3ee06e5","11","true","ok"
"20464","2025-11-14T10:19:59.000Z","0xd91f9f418ef433e715da25db1a205a47a2422ba2dbb961898b305f46407351dd","0xdc237f78e2aa53dcc371cd7d1a9ed48379148b10b32a5ac4b915bbf6e38b4059","12","true","ok"
"20464","2025-11-14T10:19:59.000Z","0xb4d3d3091305d2f30a467748371e83779c4033fd066875b5e2c02080672d9539","0x076cbbb5610d1303d70f060e02486d37a96998266a1235622068d646f0212b00","12","true","ok"
"20464","2025-11-14T10:19:59.000Z","0x2c82868837379a06213b1ec287182f5ec4f099727f4e692800e9eff9b3e2e8a3","0x0ea72e89501e47979375d9539ffe7195613aef187fa5e8fc25dc2ebfe0f98a4a","20","true","ok"
"20464","2025-11-14T10:19:59.000Z","0xa1bd2010302a340200ac840604d8c232f6f06468b58f3565c7b7d066745097bf","0x82d1858016e43b1b552102c55e8a9ef95ad752a1d6bb013c3e4a3d1d03c5659e","20","true","ok"
"20464","2025-11-14T10:19:59.000Z","0xff764d9fb7a7dbff4336f69783e765f958ec0d4e95c7db2857ec815ac8af6dd6","0xcc293dd26a355a1f9ae9346d87f1c58a27a3a8d42472cf80e9220d6ffd47ae20","19","true","ok"
"20464","2025-11-14T10:19:59.000Z","0x3031212e72eeaa2dcf3c9a87b1a74ac8ddaefbca339db9d08c93a950c4d0135b","0x55f5b54e8b6111d232f76c60ead2f1031f7ea972b2730b4815ebf4c31c47e632","24","true","ok"
"20464","2025-11-14T10:19:59.000Z","0x556620f60921b39007430a34aa717edaff572106d8f26f63fc72894bcf56c657","0x67c6432f54f2a3deb8d8f652f2d82e7fe873c71692f67efbe55b6d3d0d3743ce","19","true","ok"
"20464","2025-11-14T10:19:59.000Z","0x8ab52375bd2d44e810fa13fdc4248904a658ea2056a47e12a95b54297f98270f","0xf1c30c24829c89dde51c4881c4b2d639a15098268b61d249f672e51e29cef772","36","true","ok"
"20464","2025-11-14T10:19:59.000Z","0xef54eb4b8d85588d4c8d9a3ed1ec2d866480496a6a213230767a2a7263542dd0","0x8decc75bde2b487f653336eb85eb2c62689fa655ddb9a51658bc1579aa871613","22","true","ok"
"20464","2025-11-14T10:19:59.000Z","0x828597e04be89d61284fc4e107725d9b3cc9cda01d2fe8c2f0e60bd8cfde0757","0xcd8119ab5b2d3473bb3a89449eaf2697907629613e779b92fa2f86cd1bebf8d3","32","true","ok"
"20464","2025-11-14T10:19:59.000Z","0x413792076d53818e06068bdf6a66e34d9b703d36b5e83cc44842dc6180c948be","0xffff049bb39de0d8acec392455d346e4f59c0ea73cd5d6de84a5c79202955302","12","true","ok"
"20464","2025-11-14T10:19:59.000Z","0xf7f54d8266ec20f736101b9d01e893f8d9b09cfd5dd10b673c6d617172f841db","0xd5c5f564e73c49701dbd6a8ffc76cc5e690e203180a92754120fc2014165e7b5","6","true","ok"
"20464","2025-11-14T10:19:59.000Z","0x510c667751f476f94794ea4754155e2bf7e026e6a616508bc558129e4ea79bc9","0x1df51eb13c75cb57838bdc1f60f72dec1c122a9db0317ab1405f04cf176e3037","22","true","ok"
"20464","2025-11-14T10:19:59.000Z","0x73f126c33626397deb228ac98a2d0563eb045a6e2b4bdc70aa94e048c6541628","0x4cb70b2e4279500394123ea04113fe31bd922633c5f095818f6f6d169fa72e26","29","true","ok"
"20464","2025-11-14T10:19:59.000Z","0x701887eef8a846dfdb71e7470208ab0cf2ac1f2b0708ebb024579135ad29444c","0x16ba5c3d0b03dc413ee757538dcd252a627ee2ab72d402a950dc7bfb188bfd2e","19","true","ok"
"20464","2025-11-14T10:19:59.000Z","0x41a33162e411af0ea4a4e4990439453d0e10c7156d42e1b946eb1ef53b585129","0x42e8efdba47d889d89adedb0812c907635bde1920f29728cbc4f8a772a500dfb","42","true","ok"
"20464","2025-11-14T10:19:59.000Z","0xbad2df85176d1297a07b7df4518fa5e18180bb30dd1c13c9076fb3ab066256be","0x8d81e5ebcbf8dadea540a5066ee41d0172d11e29ed1876cffa014e2e0694e452","19","true","ok"
"20464","2025-11-14T10:19:59.000Z","0x7d69b007fad887e43d899f4dc5361369213638be6f60f1daf33bd85dcf501cc0","0x16bef6a24e805d263099c61e5cb271c19e461626bd138356ff7ea4d15aa71e5b","31","true","ok"
"20464","2025-11-14T10:19:59.000Z","0x5d903ea16881b541307241f92d2900a4d0e85b183fe34ae3bac6d4da17344008","0xa352f01b99ba7e8e0368e4ceb8bd99593ac248468bbdae251c9a13355741952e","21","true","ok"
"20464","2025-11-14T10:19:59.000Z","0xf48663bf0f27ed46504d21da5f158884e5b9c5e96c42ad4122bf623f18bb6639","0xbe13568818f6b2e173c17502347776b0af24b6d9b048e9841a13e83e10a7a5d2","35","true","ok"
"20464","2025-11-14T10:19:59.000Z","0xa1186183a836709e76172f65831621035a51d8202391ac2abe350d72f07bb785","0xa164b04be6bab30d963a998ddb7a444d2dbc5036c8ebdfeb2daa2efa65749f1a","36","true","ok"
"20464","2025-11-14T10:19:59.000Z","0x832820d5e128ff12f21cb503d276813c8c2932b2747409396d3147cffc9c7dae","0x04206404c32f97b4be9b2583429edc44fd5038adaa5009baf758f6b4c3fef44e","25","true","ok"
"20464","2025-11-14T10:19:59.000Z","0xcd1e55e2cd6bd2dffd7a10507f9563bcfed7c235c2aa4d6cac35430a7fed4727","0xfc8c2c28e41e77e552e75d41f83800a6003e62053525c3f3bf9b909edc5b0c04","10","true","ok"
"20464","2025-11-14T10:19:59.000Z","0x3f940e80ab4fe3fdabf4a9616f6d77ff8e8af7a323137fd7fd33d1c58273f461","0x0f7fcdd5eaa8d3d5da01873ad4a49cec3cf08c7804b00935e85dd358754e3c44","9","true","ok"
"20464","2025-11-14T10:19:59.000Z","0x427194e67ffde527e56e8118897f7acb6281ecd5781871f20da4703517ad9b5c","0x43e304497dde3c3faf15c3f3f9f7f6e9cea47bbf30ea5cb3ab27875c4d348c94","37","true","ok"
"20464","2025-11-14T10:19:59.000Z","0xecb5e618d84c78f24ec0f33f95e89cee38c46bd1af90e30d2cbda2ade9ef8706","0xb1f20d645f79a3784e705a5bdb81557291ac081f2e05840a2ae8d474aba0b7fc","42","true","ok"
"20464","2025-11-14T10:19:59.000Z","0x51832f1bdbf60b4f3dfa31559596e33135a1cdd66700d2a94ec82e8f73268f7b","0x092f933bf40bd08a2c6ef66d5ac3280ac54970bed8f12355e5115c55b49b92a9","37","true","ok"
"20464","2025-11-14T10:19:59.000Z","0xb2f0b75d47232e8c1f7fc2c4d9d762939e8e24857c95bc60be7c053c43f071d2","0xdfea0e0398551ecefc602cba2f12a5d8a2dee24428dc9ffb246139306a1d75c2","4","true","ok"
"20464","2025-11-14T10:19:59.000Z","0x789fd24fe2d7664b7b1f8d57c6db121cc599f63b0e8c08d51c90d220935e213e","0x8f0b1b56a31423d3782d66d4670a08228e4fc50ed4411deffc7b7c841aa556cc","8","true","ok"
"20464","2025-11-14T10:19:59.000Z","0xd618e38b48c3b3ab1998d1ee8614774f908b841b6633e5200762438c631fa801","0xcb84a0a3d8575453f322d5347479195a75c74e8a0b75cd16bf2d735c9189ab49","12","true","ok"
"20464","2025-11-14T10:19:59.000Z","0x826218575f5bfc0146f72b313d280b055bb3c3db0c8703cf0143629c66a01887","0xcbbb322d6b669af78f59a3e0a360c802fd75b20ae1dcc97361b9e07cfe57fdc7","2","true","ok"
"20464","2025-11-14T10:19:59.000Z","0xe0afd5e603aa8452c875af769a36f8fdfe230c7affc2c55bc735983feb298a25","0x4112c564721da99680a5f658a66e3708cda221e89bbeece00acf2e0a51c3b2a7","18","true","ok"
"20464","2025-11-14T10:19:59.000Z","0x8d09f9410fd3ebac54e25af88f1d8e98a1ec33e760590a909f92087055bb5753","0x8b44d45f6dbfe3fb684aa0dff47b772ae4a23694d78bbf6469c625f91634fd76","5","true","ok"
"20464","2025-11-14T10:19:59.000Z","0x22e45b38d511b44385f56a2ae36cba73ecf2bf554da45440caa0e8c852bf7212","0x6d5ebf39cfb17481c96a36b4708e492ab12365a0c7d25fce808fae49053780de","17","true","ok"
"20464","2025-11-14T10:19:59.000Z","0xe2f01aadb89650b6c339d9d25247fbabea2491a2ceef23fc4453c1420b22dfd9","0x74586f21f9e565adedc197769301b8b5bbe5ad15a798f5ba6e2ca770e23fe628","24","true","ok"
"20464","2025-11-14T10:19:59.000Z","0xe572b84a19eb0aff6b4efdfcd3c388520bf9acd7be9574fac6f54a9112fd567a","0xb0f20f1d426a02336a0d4cacaa782df50cc2645cc6da84c6e7f694d192cd589c","29","true","ok"
"20464","2025-11-14T10:19:59.000Z","0x5173af89852680562b1ce718f581beb2319089ad768b07d599f6463623633395","0x8d9ec0d3aacbc6b0b11bbce0f05bf1ad57e4fd94c903ef29a661922849e08c5a","6","true","ok"
"20464","2025-11-14T10:19:59.000Z","0xbb7b68fcd7df4f8a823343a4f0cd5de4f1aa0518cfe4e92842f683bac1f98aea","0x95b9a37e89b06388319e2c77dae3c3536670e7e7dfe2ce1b7ea7437a1ec56534","7","true","ok"
"20464","2025-11-14T10:19:59.000Z","0x8e9dc1f5f752a142538ababebf89d2e615dd8d47af9c55c6926f8ecf060a9a67","0x65696abf2b3419856fde530d5ebd50be41f1bafa06beae362b477db486065baf","9","true","ok"
"20464","2025-11-14T10:19:59.000Z","0x6dd0f4fa684502bfb2c59dce3222b46f5df5d3a33f9d6d43173df763f50c89c4","0x87ef31ff2a54ace1cbd814bb46f7b388d422e89b6a5f6b1185b88dd55259f83f","32","true","ok"
"20464","2025-11-14T10:19:59.000Z","0xe0e17c19e7e62444d4ec4adc861395bd726b4542dac5540573925d3760024d03","0x8b82d140c3326edbc9a3b30151ab05031ecc8b5bc949bd7c88a056576b3e258f","39","true","ok"
"20464","2025-11-14T10:19:59.000Z","0x60f2c9e80d2b8e26c1514c0db2ec81ac05b05453f00040994ece732e75d76365","0x882a1b08e532a479941120e904965efdd36e232dd0d92bb6433e0b4b8a73452c","25","true","ok"
"20464","2025-11-14T10:19:59.000Z","0xb89778e2191653b467e8faeb2352083f44ea514dc55942f1d0f3aba656a4a2e8","0x59ad6dde5983ab0565723cd1c571c5ca28149b51da6e60f52618d36f78bd8914","6","true","ok"
"20464","2025-11-14T10:19:59.000Z","0x3651bd67e5403fab9f54c1c0345a7a4faeeeccad3b8434acb25fc8168d338e4f","0x18d56e4de61559678f6186bc4ebfa90f933be92fd5c93cc7a83c0016fff719bd","38","true","ok"
"20464","2025-11-14T10:19:59.000Z","0x1434988f8ae7c43f459257742dc3f6deaa341c6bc42612dc4189e11e53cb29c9","0x12c01fd1130665c164d2099192dd0e7203090d0585441b47408c534e3e380657","41","true","ok"
"20464","2025-11-14T10:19:59.000Z","0xf5d1f8bcc0428e8bb40a12bb860323d3fd1179e4eec77daf1cdafd3f15485208","0x8b34c25d180a7dc96094af5ec2a8a12789b38021533479fbece9e18f593f6316","32","true","ok"
"20464","2025-11-14T10:19:59.000Z","0x5a74595884bd8123f6e6a796e605a8a3b3c71b9b24200c566d8f9741e3956554","0x344f1e2ffbda9f576ad37e6019d8ab87492b6b7f6efdef41b9246b02ace5dd37","40","true","ok"
"20464","2025-11-14T10:19:59.000Z","0xe9ae8110aa2c1daa5d2418ebc858ed7d3e1111d7e8a090327c65c2d567402809","0x3b2fc837c8338b9ed4d8e7ee43bcec5afd4288385801618386018bc086836f92","1","true","ok"
"20464","2025-11-14T10:19:59.000Z","0x84d767edfaccc83967854a109fa7a829659db4633a56a363858543b19c0896b7","0xa9788a48ade3af8878cc4bca0f66b4c101a4753dc0d581180c6ef5da2fc73b81","39","true","ok"
"20464","2025-11-14T10:19:59.000Z","0xcdbf89140f5491249470a4aaf29f61544f57c21878d90e1d712f918a92d60028","0xc08e017fc637813652e00a6fa0508401116a3fe4395ae4460e0eabbc0af1e111","34","true","ok"
"20464","2025-11-14T10:19:59.000Z","0x4d54330fdca63e398fe0dfbe92b19f6ef47eec26166a72f5bba97b70a2fd3484","0x42b9f9d04f2934db472a96decbebbf000fa515b0504df99f86ee65f5fe193ac4","10","true","ok"
"20464","2025-11-14T10:19:59.000Z","0x43cf7d86b035489a343f9a5f881aac043bcd1bb123a760636132a0592a3bf456","0x2b14f8fc33f270118bad068657318ebb2fa283ed69d122fadd1cabe8e6814246","7","true","ok"
"20464","2025-11-14T10:19:59.000Z","0x845fc492f8f5b09cc52b0c9565b4407e4fc8f359d4d369d24cf1bb2fb2ccd707","0x02c4bd7fb4f16597e6e66c1f3a29e0662b2dff2ce5180b43e291e71e00685359","18","true","ok"
"20464","2025-11-14T10:19:59.000Z","0x37fda109f5863f1c4d733ab0c8834e7455051e1ea0a902995be3cdf0cc087d77","0x9540f8e3046b65970a3821ebb1a3d49d2d7c60c176d158d2fb3be36620647fad","36","true","ok"
"20464","2025-11-14T10:19:59.000Z","0x326e1886a72d8a1a1d2944d53188ef9532697bcfca9ab10ec1122ef72968153f","0x84ea6e1c90aef56d02265fb715249bb6fc3d7a9e5d0cf32053d94e4b40428837","19","true","ok"
"20464","2025-11-14T10:19:59.000Z","0x4ea5562f739bf6da4748a78d839708fd77edd0bfd92592dddd208b9713b661d4","0xa8306b896c678f62e587ea7b2dca62caf324c5bdaacff394c111345f60b0061c","21","true","ok"
"20464","2025-11-14T10:19:59.000Z","0x80149afc761580671befe94603bbb349a3f23c50f79c0a70eb0c575309a9c51b","0x6640f6b740e176a2aa3d7213862f47db75b2f4e58aca918665604a27a1684f12","24","true","ok"
"20464","2025-11-14T10:19:59.000Z","0x83c174c40e2a1cb78830b3c761d10f98058141f87116b40cdd636d8b9cc3849a","0x7367c4239b6c08965941bf2ec80049ae407301f903d9d99370e3cefc51226703","14","true","ok"
"20464","2025-11-14T10:19:59.000Z","0xbe5b81e7ae1f11cc824819b49e3e32b141ea329cd4e3d1dc915cf90ef8cff969","0xb63c95ff071e49e5066724e5a00e078969c2eb110944b59720a17594e8ad6396","27","true","ok"
"20464","2025-11-14T10:19:59.000Z","0xf57aae7bd18a6fcb0a8e281d1fe2b6e4ff48d02ca296a1660b673801137770cb","0xdda982669823a273a1dd5fb3fbf06724986b06c0cf431f9c6bcba2c91cf57e2c","23","true","ok"
"20464","2025-11-14T10:19:59.000Z","0xe9a527bf66531101139d6561035099e24c73c072ba8269a16a5ed6ad9599999c","0xcf9589df22f2dbeb127df33e3f9e513ac4e3200ee64a3da889fad35cd403bd4f","16","true","ok"
"20464","2025-11-14T10:19:59.000Z","0x0ae2decb2abbedfaf4ca443919615d89959854ae90262254c96602e1226995e7","0x44d15d0dd2d96fb8ebcccdd82f27757cfbb11dff35cabfb7585f85228010bcd3","36","true","ok"
"20464","2025-11-14T10:19:59.000Z","0xf7dc942eedaa3a018d2e71a7e3004da2d380ed796abebed0c3ee0c6198fe0b29","0xe359117dfb5bb1dfbd763d3a532eec5826d18d9e0e6fb20f0a25100a3abcc25c","32","true","ok"
"20464","2025-11-14T10:19:59.000Z","0xb2098912628b72531abd3a9f8ba2dc9175b563b0d69b3573012bb01c09c86514","0x6d841c111e9900cbdb971e05871b9116e8c49ec8e02cf504ea6fd9ad014af4fd","30","true","ok"
"20464","2025-11-14T10:19:59.000Z","0x1383aff5bf2b40dd46239418fcf8a00122aec97ff493f0124feca64cb1ba9a41","0x4ffcab57a910b5bfe47711dd73bd19f2e6dcc92b858b7b83bee7d08bf390e923","5","true","ok"
"20464","2025-11-14T10:19:59.000Z","0x8170465ecba96c18d0e8c8e0196d7d99e10691d6e3d3dceb6c68c13f43a95802","0xce414b6640a4aabd251d0d5fe530d874b26d47b6664f689250d2c5edc5ab8296","11","true","ok"
"20464","2025-11-14T10:19:59.000Z","0x9636280b26f93cf901bccef33aa79a56d02e23e90a16aaea3522bf24eb577449","0xd8d3f76f27dced640687242ead202e7436ad276afbb0752f8c07526f1d520f0e","5","true","ok"
"20464","2025-11-14T10:19:59.000Z","0x06a1b577ef12ef377867626dd12048879e3b560fa04559688b88d9cb863023ae","0x0fced5025e2dbb9fd7dbbaacb32d9850415b884b88ea6af71e1de61edb207673","17","true","ok"
"20464","2025-11-14T10:19:59.000Z","0xb9bc4dbe6d20b881c61d5d5987768c7412a98a784d837351b81d4680f2decd66","0x0cc378b4e1f5ec531fe80da62fc30b9b899111bc9d5c60aeca587eb49fd174a6","33","true","ok"
"20464","2025-11-14T10:19:59.000Z","0xd29283102bbf884b1a34f137653284953f7d578708849cbefe8ff01548ebe8b7","0x508de37651c3a602f67eff8cc8f512fc988b6bce62fb4f90621a1deeb2fe0d29","32","true","ok"
"20464","2025-11-14T10:19:59.000Z","0x654c7444e829ccf71e3384ea98c5c75b663a28395015997f09159323c81c79d2","0x920ed9aa872e7447e78f82f1b3e9f72b43ef7d08bef0696e8dac7ba6d3723c9c","27","true","ok"
"20464","2025-11-14T10:19:59.000Z","0x930db18463de2fe94ddabf8991149b94ca4284cd876dfe28e8b0991dbfdd9ca0","0x8620e9388f0745d934150c79cf7ca30dd536b5c86523028703dc5079b87b594c","24","true","ok"
"20465","2025-11-14T10:20:01.000Z","0xd5017f95e9842b8d87d568645e6ab32cc4cc647df3eb1fbd41e31e79b4e72d11","0x702a60e9818d132ef06da04ce41489390ab7609350dedcf4aa890edecd95305c","7","true","ok"
"20465","2025-11-14T10:20:01.000Z","0xf487a687021d2bfdf1027160dfc076c126a1c00e7da0c110398ae972cc9f6b02","0x5efed56051bf6697cd48c87e5cb4e98010fcab26a7559259d66a058be78a40fa","40","true","ok"
"20465","2025-11-14T10:20:01.000Z","0xd868bbd9e3be232d3a0f2407a33a85a7fae3b9033f1388cca69d3bb6dc52340d","0x0c360b834d0c7ea562beeb57787a1ae8d5b751a1b680284680398be07f851569","21","true","ok"
"20465","2025-11-14T10:20:01.000Z","0x62f454ceb35e4418b9f692fabead72da42959101640a2447ee5ca0295710039c","0x528ab7a254a67bcc1ed8ea0ce7fd25b8d1de5a30411e73e717ed6ed416daa86d","24","true","ok"
"20465","2025-11-14T10:20:01.000Z","0x6e42463594dcf4a51f11a53626e5fb0bc8a0685cf8e284bf08d2e5f25841ac67","0x678148bda9032b989f9669f3f425a2727e96c2561b1fe4242b6ba2d3fd317e45","35","true","ok"
"20465","2025-11-14T10:20:01.000Z","0x096f3cd317d7b6933084b47300ad4c9703642b203a0af1f10d062cf18918dc49","0xda015994a92895405ad923834d34010587a49665c0b800049c05b80035d1ce9d","10","true","ok"
"20465","2025-11-14T10:20:01.000Z","0xa3aab30ca7b916b7eb7e898e172b962222a6e3050ba3775edf56375ad3e1b251","0xe7db9983b32bb88ca7bbd703b9fab747c45c034632c1dc33002c718edca1ff9c","35","true","ok"
"20465","2025-11-14T10:20:01.000Z","0x40e3415145a7f06f1b5695b550a59f51fddca97959dd22ec88a90470915192f7","0x292605308a391dade559de9ebe8d90c6673ecca950418e92e029f63292c5d0d9","9","true","ok"
"20465","2025-11-14T10:20:01.000Z","0xaf2a73f20dd005385f5df4399db090b26f8ce407993ecbeac566c1aa73207182","0x3a481c4b81f389826bf3dd259075ca5f76d9ecff28e454d2a30a914e8e205872","28","true","ok"
"20465","2025-11-14T10:20:01.000Z","0x91cb7a33930acb1e13d558febfbea067e369df8c034a6d402947a01d238bfc55","0x0a2504d44dc1f2746ac2ff9659f59144383df4b30c51e2c7a6757d549839eca1","25","true","ok"
"20465","2025-11-14T10:20:01.000Z","0x94f18a0a50a4d3bd6212b2736060f530d04b2ff83a7bcd43849e3de7f82b5793","0xaa43d5830f51e3bdb0e9fb37c57f7cbdf647d367a326e077d34e9f1d48e8dd99","11","true","ok"
"20465","2025-11-14T10:20:01.000Z","0x16cd9a16a89a6598d955c7bed6fdd18d56356dc687d92878379426ce2267772d","0xc7427ae8bc9a85aa845fc4214b9da5b064260f6ec23704757a654ba9d820a03d","3","true","ok"
"20465","2025-11-14T10:20:01.000Z","0xe48aaa2777992c0171dcb718cc748ededb95bd12065a7d71dc0eea6b3d5dc2b9","0x4fa372a311980a78e7d369b23c8f1a4774165d51744830632f9058dcdd6b710d","5","true","ok"
"20465","2025-11-14T10:20:01.000Z","0x58886fa163f4dffa2feb947a6ddb53ec579b57d69edf689668f5a5e73b9c0ff5","0x961182d959d0babdb598f28c72049b99d1fc2dd4df2c50e7fe3f0d5d23a84776","20","true","ok"
"20465","2025-11-14T10:20:01.000Z","0xd3ba201142bbeb6805e1d45603960518bc013b8c19ccc5d85044fd6eb13c0244","0x3a756507ec45191c520abda216b53da0bc8b95849b4e903a7aaa3cfe4ef01641","26","true","ok"
"20465","2025-11-14T10:20:01.000Z","0x9bb342d5fa0e9c266f375382bdc1a356c9dceb273cf64688c707b55947b1d4b8","0x096e26f7860711e9e7a236044020e6f9ec6af17514db63dcfb204b83406730ce","12","true","ok"
"20465","2025-11-14T10:20:01.000Z","0x06f9524a862fc236d5702f64c58f829b2e774a02be11c212bcd7f0c44d98e1cc","0xf280a2a79f54eecd4963b0d0b2053bccbbafd8a0eed813482d6beb33e23c1609","2","true","ok"
"20465","2025-11-14T10:20:01.000Z","0x4029147348aa0ac3129173472f18bd49888c2ee9a68852e08c8f599605c190a8","0x78b562fb0ff76133774bb0bb5d152735f4cf0444a1cdc8897eb9a5a93f760bd0","17","true","ok"
"20465","2025-11-14T10:20:01.000Z","0x1ae30bd79dd9c5daa6ab7b044403dedfe0ce1b24a1c394be216e3fabdd955da1","0xf33ad9d5526978e189bcbe3d6f8b5396b19c76e34801e3a19901241edc8b09d7","9","true","ok"
"20465","2025-11-14T10:20:01.000Z","0x69bb86a7822c0edbfd8e6b8bcd9fb4113f23a461441459da679a128bcae3587f","0x3f0346f24a9c0e35ae45a94ced2194d6c8f48054a366b10655a191b7240477c1","22","true","ok"
"20465","2025-11-14T10:20:01.000Z","0x90acb81fb1ff2b19e88a969653178fd24d6a2cf322ef7bf830ea27e9a71e8000","0xe6fc668dce42fee0c5c689611ee0196b07e87118051aaebafe68f955b60d31df","15","true","ok"
"20465","2025-11-14T10:20:01.000Z","0x2e4750ddadd14329112e2b0fe7250876f28b97d86f07e5994e40932773c4d54c","0x39ec8f8a4fd251428fc783ca83cd938b2e2750fb3c1c479f78e6bd23aa81f072","35","true","ok"
"20465","2025-11-14T10:20:01.000Z","0x8694086b3af53f770fc205c3aff14e8826081d28134e0fb8ccaa442a4156eabc","0xd92e15c477240cf046caaee9c1b89e569c5c6f910f40166c2fb5287b668811be","13","true","ok"
"20465","2025-11-14T10:20:01.000Z","0xb189ef177607a49f7b7f09101862d850d8df1ac74368c51554152ec03a6382f7","0xeb17f3057ee693802bee589a72065ce11466a6ee034fd7c663cba2c5c69c1a25","7","true","ok"
"20465","2025-11-14T10:20:01.000Z","0xec468654fccd3a01b47d757dc0449e42b96d643409a95fb22b487a2274f6b911","0x06e5b7528b69b3fdcde165bb57b3174b36c8e7280f2092a70bcc476382959b9c","16","true","ok"
"20465","2025-11-14T10:20:01.000Z","0xa6ed66043ab0b6a6458c046dbc22a9e324fdecf7195c3f46395b7fb3504d63e8","0xaf22828b248b6656534b837e82ac83c5451f1946ac18bd8cd31e9833a80e9474","9","true","ok"
"20465","2025-11-14T10:20:01.000Z","0x14d96e4cbb6772a6a4fa9e6acdca5af22d33eed1f40ad15507b9327876b4a38a","0xf624666ee84204237a500a8d5237f4efda4f74d6bf21501253428103699470dc","33","true","ok"
"20465","2025-11-14T10:20:01.000Z","0x47231492d728a81759dbe3e94fb981bce33c2de12de31d8622311197a75a3a0a","0xee84b20288d5390e8f4dabf56616c4a2ad3150a61b11bfb1c5c21ebdf1ce36b5","30","true","ok"
"20465","2025-11-14T10:20:01.000Z","0xd3d2785b4afe99173b0a4c5b07e65ddc81da8dbc096a9183b61e15a625709c34","0x37f7fdfbe86057d9f7cfc5f7d9c3cfa1b64bc054c4a00c4dcef4e10202089a71","39","true","ok"
"20465","2025-11-14T10:20:01.000Z","0x8b0c7cb3d1ca25991c57354c10e287748afb464b40d85b1bfc2755eb4c9c611b","0x111b155b66a9258f9b602a8d58c8b74cbf1ab56632c169c8e5328e6ba11973e5","23","true","ok"
"20465","2025-11-14T10:20:01.000Z","0x6db69f0c3b9a5535cde6d1135856cdf611d560da182ae5b09f2446643543da11","0xf596cc3d7d85114ed1bd5b2740f4b95974840a1714b559094543c364b634d7ea","21","true","ok"
"20465","2025-11-14T10:20:01.000Z","0x6bf4e81f4773beba48f0e4c90e78b3db0465cd5ba213812617e095c3b87f755d","0x9574b0db019b41a71f34ef9f2e4cbdeab5d5d5f74fa4c37a37e415053cdbd9d2","33","true","ok"
"20465","2025-11-14T10:20:01.000Z","0x37361dfd2a6876bad25b45d979c67c0db4335c1eae330bd3a8d71c816a4bef50","0x54305f3a88aac605a13549de637f05aeecc57cf6e2b2265d74e71bf4525f3f44","34","true","ok"
"20465","2025-11-14T10:20:01.000Z","0x077d1e624966c1f7d8a1053556289f632141c875504a1cf4230443ee5f7a82a8","0x44718906e882d370308ff9c6112490ba7180ade84dc0f0dd7ef0baba62cb28bd","3","true","ok"
"20465","2025-11-14T10:20:01.000Z","0xe3895d4fb76b39daa25bffeb4207f6fac673c978e2cda51d1c2f4f6811b67853","0x2f0db865753d31b06192023b7700fbf7c46c54ae94239825a424527c5963b47e","39","true","ok"
"20465","2025-11-14T10:20:01.000Z","0x0fa7dd12c609febd8f01d54e1fd9a8d83e13204df2ccdd22982fa5ab922d2115","0x6c6cd19ddf6beaa0b0d043faf7f0f05be9491551143a38fc9b4897397b81e8cf","21","true","ok"
"20465","2025-11-14T10:20:01.000Z","0x305463b8bc9e123c1799bc626366bc47a2b703df4064c509e5025e1d16241340","0x8245973e907f62c580fe621c4c6cb4c3c3fe221ef30bea27c64051243222dc05","21","true","ok"
"20465","2025-11-14T10:20:01.000Z","0x77452a87307b5fac5180c0b1c04b49cd0b940ba13deb2736b2fe16374d4dbc87","0x944ca4d2961808b049a00b054a0f213847806f5729cb49286b88375338c1e7fe","12","true","ok"
"20465","2025-11-14T10:20:01.000Z","0xaaf6c08853f5c99bf1a8d325d99aea7be04e063c8750e12bf74f3b05766c4106","0xf52f094a3bfd84a5521ef4f40d146b2a8b46b2ebfcceca552e92c0bd840f7b8c","31","true","ok"
"20465","2025-11-14T10:20:01.000Z","0x71f92b354280319483ba06fafe592c5913935eb5375cd5faccd59984be774d8a","0xb1e519c07262b6c6972bcc2ff95838a7e095fdd6d6e3cca62eb2426ebbba90c7","13","true","ok"
"20465","2025-11-14T10:20:01.000Z","0x9563a605d9314417444097005726efd620ad150d8222ea1525259234589a7ea5","0x16bfe78af53767cc54f9016b71f7de66b0fbeead281387bd9ddfd20cf5600047","41","true","ok"
"20465","2025-11-14T10:20:01.000Z","0xe974026c5a0b569e6ee3637f9124ecd3bcb28986805874f24915fa244eddb2f4","0x118937f4d7b056f0cc4b0c57a5e40cdea00cc142be1cc0bc2b5628447a1914d3","4","true","ok"
"20465","2025-11-14T10:20:01.000Z","0xa60d3183bd86a1537c1ca8105183c90903ce862ee33ee0272641b55e8a756135","0x832080633e647ba13f9a1f09625425403616037d390f81fa4ca3eb780c178803","23","true","ok"
"20465","2025-11-14T10:20:01.000Z","0xd4786d6ce422bddd407a3dfd818b0be7ab9ee2b688cb9d2366cf6fe74637f042","0x5ea97b2e1941d3a68ac21c4daafd74a1bf1eb294831e9e062a4b3629992b456d","41","true","ok"
"20465","2025-11-14T10:20:01.000Z","0xf70b15f4677305a5ccc4156e295ab1904c27da30b56e01fe6519d036b4d64114","0xe2b88d8c8e197ad1da2019ddaae0bc6e98bced54b886fe9a9b8ac447fbd32086","7","true","ok"
"20465","2025-11-14T10:20:01.000Z","0x9d1821cc554a475b7a7d354f2144320f88b2ba821686c55cad8148a334d0f24c","0x4e65c076e1af329b1af99d9a83a948764f60282a24f835b6912e960b18b5189e","13","true","ok"
"20465","2025-11-14T10:20:01.000Z","0x64054ae15f8d18734f0ab66760eb0c79f91162741dfeb037f7471abf26b21757","0xed41732b6734c28cf97f0f17ee5e022efe7632337606a6624c76c656efd8d738","42","true","ok"
"20465","2025-11-14T10:20:01.000Z","0xba501afe5c5c2369f949982d414ae5d5faf2be0ca46c69b3d13bd96c022a437a","0x6bd590eaee11a2af469f464e93644cbbc0e12340ab6bbc449200418218b001a6","20","true","ok"
"20465","2025-11-14T10:20:01.000Z","0xb2ef0cb36fcac5b8bab08f8ebe339213d72ba3954a93b27ecdbede2986c1206f","0x13554399f071bd9f3b8cdab4fd5f64d9dcab2715f0510e0c01765097c323b556","28","true","ok"
"20465","2025-11-14T10:20:01.000Z","0x59b469d0dad74c7483e2f62c010107e56945dfc9422fdc8f073580a84040a004","0x949f06c8025c3955ccb3e8d960af6abd02c3e7b3cb69097ee1124a88b6661d65","24","true","ok"
"20465","2025-11-14T10:20:01.000Z","0x8234af574992da724b7f3541ab42f1c96b4d762c65be2088a50b81aa1c68a008","0xbb6f6a91cbf33f05e261ab9e6aba9619dc04d5d492049a8d5f3f8a8be85aad9f","32","true","ok"
"20465","2025-11-14T10:20:01.000Z","0x3bc509458cd197f8359d64fc7d1a2b9be5309d00a8ec731f9cab2633d53baa4b","0x0a2f2caf56da9e797774212f7801cf80d4fdd003a9871faaab6191aacf1e4f1e","27","true","ok"
"20465","2025-11-14T10:20:01.000Z","0x634fc3e0e7561402665256079471d20de49e27a991b953e26014d69821b4fa3d","0xf2ed8be91c531ce51964589c69481808418d5cba813cc756e53eec926b44342b","31","true","ok"
"20465","2025-11-14T10:20:01.000Z","0xac1bc22c124df524f67ba90fa8338ffc514054621ee6310104f997ab87667ff9","0xc3868055f3883b0fe1c7f414e0b6fb3ca3bd8c4e0c855d02dceb8f6bdb3e5e72","20","true","ok"
"20465","2025-11-14T10:20:01.000Z","0xf1f04d0513a2ac22de885d1b9e7b1ed79569ea924d94870cf652ada09c236836","0x42dcc36f84a1bfc0a5062e9ee5bcbbdd7ebe4fe4d8bc141c0a88939b81f5d4f2","32","true","ok"
"20465","2025-11-14T10:20:01.000Z","0x55792fc26540effecf7542eab2e5f39e32c74c8e80ad39586385440ea5a1a9f4","0xd05cadc2dbc404f137b021140c678c19c49145f5123f6cf90749e27cfda62790","15","true","ok"
"20465","2025-11-14T10:20:01.000Z","0xdccd0f80bf087d7aae92d47c47fdcb70ee615dff94bf8db80b5b4c5f4fc846b0","0x30d4d34329b1dd520f22fd6d153536ee3966c25e60a409e98780eeb483fadab8","10","true","ok"
"20465","2025-11-14T10:20:01.000Z","0x576d106eecf46b2580f43a785c7981548dae1bbc2d8f646ef9303c2664c3087f","0x011d50f25e3ed670d86b528cb1f5fb337fe0b752a9ff788948d5e0b48d8a35cd","34","true","ok"
"20465","2025-11-14T10:20:01.000Z","0x8867005ed693ac539f698a34701d068bf09ef633c4a89ef0d470e50b2cb97583","0x23f4eb129847136966c73c0323093417109573d441f1e01dfcbd4aad824f4508","17","true","ok"
"20465","2025-11-14T10:20:01.000Z","0x9f2a2179263f6ff29cecad059c28b40ea132973dd93efa9b8560e469e97bf0c7","0x0ce1f9cefd3fe02945d1067db61256558e7f66e7ddb128e79e3ce322f536b514","8","true","ok"
"20465","2025-11-14T10:20:01.000Z","0xb4df3e7eb50655a75cc8ca7c1c71674b0a77bc249f688efafa14f8c81fd37305","0x0ae9eb038fb01e487dd64cc2261d0df0a4e1019062fd540d6d34ab4c263334a8","17","true","ok"
"20465","2025-11-14T10:20:01.000Z","0xd5a3028bf40f7fd541a2b1c72a6a9b9373ee802a9e365da3fb0fced7a635e177","0x2285528141f113f587fb7b05afd5df05f9cff68142a7e38740e2cb176fbd7aaf","30","true","ok"
"20465","2025-11-14T10:20:01.000Z","0x97fa79be124267ff9a45f822814e519158b77ff88f7536bca51659620da06d32","0x8f9810c4d677cf7ca5e6cf638b7fa7d06d65309691d4f42b7eb9d389ad8f5171","10","true","ok"
"20465","2025-11-14T10:20:01.000Z","0xa9870b3781a04864f0d47e44704f2df47810acf85a286b9c90f670ba2f4b775e","0x568c3a1966d1a02cb8626bbcb3b2bd6cb4ca23cdb6c75c3fb3174e8c8be2f9fd","23","true","ok"
"20465","2025-11-14T10:20:01.000Z","0xae93222d9864ef03c881b5f72db146b67a616196d72cc86ea6cd45ef0c64eacd","0x15880072f94f72e4f284b49cc7355cfae6a71f665c894d2eb2ad481d08c094a5","19","true","ok"
"20465","2025-11-14T10:20:01.000Z","0x0294df44d2d939a75b259969cc65cf311b1adecbde6fa7694cbf8f1b242047b4","0x0dc6533fc913279d529dca870225835f70af7b3a4f56fc41814be44f20f4bc1a","23","true","ok"
"20465","2025-11-14T10:20:01.000Z","0x5f9e1ab49299a3424c362a2e69d16d3be88f2b42a7292d2d74b8af109d544992","0xe6530e989d18c8d633ec03af529ae9ea0c94cacce9ce16a9b21878d4d6be6d94","22","true","ok"
"20465","2025-11-14T10:20:01.000Z","0x55edcf2c259c4b75dbe2d19b8a73b3e50a3fc4176b74cc46873881b5cb08685f","0x66e3504649d529f6aeda68a8c0be823aa2f09341e7ea362c947916272d469faa","37","true","ok"
"20465","2025-11-14T10:20:01.000Z","0x64026398623ca9013d6e281ef9a1c49de5596d2160fff42130bcbc40bdd7299c","0xce5ced33e0b10763505cefc298535e833186247293971bdff5649fc4c135644c","33","true","ok"
"20465","2025-11-14T10:20:01.000Z","0xfd870d073a897528ae769f6b2acb8a3cd49ac9c6bedc7d6b1e85a19b9f620807","0x2bf0955ff87f829f0aa26cb66c22fd7b1214f5884692abace33463562c944d6f","3","true","ok"
"20465","2025-11-14T10:20:01.000Z","0x58769322e03cae7db9b3102aa208d203ae534565a6076882966b68a87a88b4b0","0xcca4e60ae18ca0952d3e45e9ee3d4366fe3fb7214e592f27c394816a24dfc60b","22","true","ok"
"20465","2025-11-14T10:20:01.000Z","0xd14d76f130cbe5d9cc6ebbbcffaf5a020d2557a34287fe9f6a9d45e9026e8a16","0xa4421bbad35e26a0b5441ae91e786776c60cde64766af04edfcdb4bc259a931f","27","true","ok"
"20465","2025-11-14T10:20:01.000Z","0xc6cffd06ecd26a18ffc4d5cef64ad60a36c59ca175f8b418ec61b4e658d1672a","0x8a9f0c9bf63c1942b8e66bdfe9ae5b4b66d8b97ba5c58fdeb4c4d65ccb89b9b6","35","true","ok"
"20465","2025-11-14T10:20:01.000Z","0x205e4a579c49dd4a3dc6e3cd1e029c8635e74db8a20f31d5b73fb458edeed064","0xfdb830e3dda4afa20f64a005a3e4e7923af00c6909d95ad0dac0f3557c92a715","30","true","ok"
"20465","2025-11-14T10:20:01.000Z","0x893d648c5e809d19731442c96149895fdce9a6e4e000453d38fcbfcfb9565b78","0x4f5c30dd372a0a8aee6354d6144a884813b79b073d2ad4e4402c04d8c4c35fd3","38","true","ok"
"20465","2025-11-14T10:20:01.000Z","0xec9922017aba4b9021033b3c917aee2f778a29496d3b80aab950640faa64d45b","0xfc3ae3a47459291fc7ada269aeefc47280d588a59417648cb87057f9962a3a73","35","true","ok"
"20465","2025-11-14T10:20:01.000Z","0xdb0eb39193fca9701d76356582d4689d0274c19b3db226cc9a73b8c0a6248240","0xea0c1bf6783d6902e397c21be9f22ef03c6b9add4b0988a7bd450ce860350d4f","14","true","ok"
"20465","2025-11-14T10:20:01.000Z","0xfc93dfc890b769240f47e166c6f83c8f705a9aa0a618a9aa670ad8a77fd61152","0xbf83174d46a4bac5cf37861f823aa0a30fb25358b946957f8b170ba77746a3c4","8","true","ok"
"20465","2025-11-14T10:20:01.000Z","0x02cca64ac1b4e2ffe9622e9b9cd367cfa074cf7de9597369fd1eefb2c2c2c7e3","0xb08a3c175d1d74cfdcf5b864283bcc7fe392bd53692b44cbe026a13b66de85d9","20","true","ok"
"20465","2025-11-14T10:20:01.000Z","0xb913de2216d681d54891259ae6a80d39126001c600c1f26b21ce29e7e602fb07","0x378152a7cf4579f09d86ee48ded20aa8a20e2d2c344e6350b20de325f6ce850e","41","true","ok"
"20465","2025-11-14T10:20:01.000Z","0x80503ed2a24dc6313c9c5c47ffffdaa574466f676343d68d92b4f270500f56bc","0x742710bd88343226588f15413a5c1533fac178aa4a346392484ae7740844a7d7","32","true","ok"
"20465","2025-11-14T10:20:01.000Z","0x9b0ce6d9f30eb9194e438ebd9d0970c1ec26611d02978efc816579d426dc5427","0xa1ac67266be5aea3d3b12906a5e4bfe4de4d176409dea177526a47caded86c76","11","true","ok"
"20465","2025-11-14T10:20:01.000Z","0x6be92c7fcb3a602718b097280cd8b3807abd408ed3eea932176d85cd3639285f","0xf4f158eecc8a64e091fa01b5f8ec03a777f5e2676005279a564196f4fc12781e","14","true","ok"
"20465","2025-11-14T10:20:01.000Z","0x6f0d1814a56f1004564fe565d9e6fdbdf6098a27089a8329745724c22e42f374","0x900222c49b3c4a8e193a7e014bb63f64647789973422935f693e8fa33efa7030","41","true","ok"
"20465","2025-11-14T10:20:01.000Z","0x134c61667a6cbc84d48fa27df35fd1a564aeaf4f737bb44ec7d03f1a98ec7a6a","0x87a3f8f664201249204cfb0034ffa981985761974194507d4251875bdee8c663","29","true","ok"
"20465","2025-11-14T10:20:01.000Z","0x24961833319edfa6833121d9655ea92cdba097d8041ebb6ff4fc7a11b76910ba","0x1fadf6fdf8932a0aa1b9daec7220dffadfee6ddaa6ce70d86b759b9cc7f36357","14","true","ok"
"20465","2025-11-14T10:20:01.000Z","0x18715397d86570136e0a8a7a7da89309fd4b26188cd901dcacb8d56895fa0f09","0x8e1d71d0342f7338a8600ed5df20744e4cb7fbc628e82a66b0054c8f4593b3b9","20","true","ok"
"20465","2025-11-14T10:20:01.000Z","0x3bf644c403ec552cdf771e5ff663ea7e1b5d3997fcdca606039c61018021cdc7","0x1866a36bced36b27fbb08240adecd1b9bd16bddc2f114a93eea8b0284f9800e9","5","true","ok"
"20465","2025-11-14T10:20:01.000Z","0x87c001514861331980bffecaf04a3deb31d165ce71d0ff73c576b6fe959e9726","0x87521d36ebe82c2deb2222f537297d0446524cdd117a3aaba49b43a393d6c504","18","true","ok"
"20465","2025-11-14T10:20:01.000Z","0xd0cce807e2902f3c61714bb615963cb303c5a293850124dc704e9c036f302cd0","0x63dc8f27c5daf1af923ec157de193ea2392d2aca655eb6d576cd0d5590420209","23","true","ok"
"20465","2025-11-14T10:20:01.000Z","0x90c70f38ca9158ea5a63c62ae720b63ad7069aea34b8690a4a0181879307d2a7","0x799e594ddff7c1af61a0d070c77b1833402aa25815e4b4ff4b06a4829cbad53d","35","true","ok"
"20465","2025-11-14T10:20:01.000Z","0xa5ea01a0e325885551da5c8da78e52ee4c57dd6e7ce3f99c8fabbb11e19e9248","0x2a29aa54ebe1b952596778a80f69ae8082990815261d5ca450e9e9c9d505da52","16","true","ok"
"20465","2025-11-14T10:20:01.000Z","0x2abf1a7f8579135034897d73a41636d6fcc0d2a157999c91016761c40b7bb160","0xadc7e2182113f76c03f6510115484db8cb8b8f81961afe4b7edf7738fb567c11","21","true","ok"
"20465","2025-11-14T10:20:01.000Z","0xc6edfed31499a64b9c20951a51f87c97da703a587db907c8ef2d2d1faa86074f","0x970c3ca8c734beb5af62654eb130be99e7d3213aa3cceab2a9e35af38e8276d8","7","true","ok"
"20465","2025-11-14T10:20:01.000Z","0x1784aa7f15b0ed1d4586a070fa7dc0f1dfa320e65ec2e755196c7eabdee3d4c9","0xf40a3d15f7129c5b534db5bb95405b4b6105485644b32ea7fcf9d31732e271de","20","true","ok"
"20465","2025-11-14T10:20:01.000Z","0xed219662e4b13cde6ee46ab9a889e4b7b0358b2264a0697e3f1819b30624945c","0xf10c0e2a20bf7888454b502ea459b0f74a5ea2a6c1473acf7c8364ad48f0d7ea","40","true","ok"
"20465","2025-11-14T10:20:01.000Z","0xc98f1ec00c6db8c77a800d99603ce94a4437108d0c379318eb65566fc7a701d4","0x51f7454af22251ce7dd4b2c56c90ad7ee9884722485fde50348417e57d60502e","40","true","ok"
"20465","2025-11-14T10:20:01.000Z","0xb9f244fe2ab3449834ca24b5ab7b9bcc203c481a2a53bbd63e6740e0502bb701","0x2f8fa9dda3a751b9a7dc8cbb27cfeacedd538193f79bd81539b8ed7f0f24d5ec","42","true","ok"
"20465","2025-11-14T10:20:01.000Z","0xed7785fb9c3f3d6fe8e445ce95932d11a40fcef4fc118c3281cc276dd5bb873e","0x700c4bd7b0edd11665eacd90687a6f01b9ec5c9d82acb8b19fb3db178f545640","15","true","ok"
"20465","2025-11-14T10:20:01.000Z","0x8f9ecdda34eea73479ac67c588842c98e09344eef2be6f0283c99543438cdde3","0xd67c11d21cb33de75e5bd5b11565c43f10334da84b4c4bd15f7f3be35473f803","42","true","ok"
"20465","2025-11-14T10:20:01.000Z","0xe169a59f1f40b3ee0cee5a156280be3270a5cd3ad5ec5c296e6555d9aed6ca71","0xbc539637f3c7738fc53bba0e64ee8b23433db358a4f0b9e72047afbf435b38d2","11","true","ok"
"20465","2025-11-14T10:20:01.000Z","0x74ac018dc3f555ba171f183bc96549c30c2a3c94d3cdf1ecbc0605d7c4283c0a","0xea9b77d4db1488f7e160019b10eb2f9bfb324caa31b3a31274faccef944948a5","8","true","ok"
"20465","2025-11-14T10:20:01.000Z","0xc98045ba0c03fa4118703fb217eba14ed8a2ef0fa298d0bb072b8e84cd1f1bf9","0x12cec0a2df18ab3557ac734db79ce1a71a6e663354cfd8bf4f4db25b7c977a2f","33","true","ok"
"20465","2025-11-14T10:20:01.000Z","0xaff913cf453304b9c3d4a94b7ab743f59125ad547b043d76b4010d49b2a8e051","0x5678f9b3ccd5cd1bc7f1a3ef30d201716bc79bee3787b0458cbe251126a51bb3","27","true","ok"
"20465","2025-11-14T10:20:01.000Z","0x2844d9ebd0896cef5959ae3c070fa96199e8c485e9e9bb20c7842fd754a58aa9","0xc8cf2eb69afd545cb201bec9d22ac84f3b032844b4fd71314498c51c9708f28e","26","true","ok"
"20465","2025-11-14T10:20:01.000Z","0x39db9aba151737e090d8996c0d2cbc57403549476f93029e43886f2b16e83a99","0x037aaf5cccc9da052038f373140f5c4d3f5d012311deab07062a5bee0c38341f","24","true","ok"
"20466","2025-11-14T10:20:03.000Z","0xd29511557808e00691ca4dc80a59f06cde1ba93fbc57406f19823d43697e01a4","0x000f2e782feefa2267e0bba6a4069f5d8226a9d42f71899d2b6d709dd616d008","36","true","ok"
"20466","2025-11-14T10:20:03.000Z","0xc738cc084dd420a24a95268d6591e6cfcfdb78178c4e41df430966ad11417fc0","0xb8d01a3c390e0bcd11a42711f65f099b9b18c91b69a027db656940dc4efe6e82","17","true","ok"
"20466","2025-11-14T10:20:03.000Z","0xbbb1a5f36b19b85bf54dac4332a3c0b199dd57c80802a4d9a622f4ecac51f7b8","0x793eae2893b08ac2d8684c57838caca7e0169f38074eb72f1479fcbc26931a2f","4","true","ok"
"20466","2025-11-14T10:20:03.000Z","0x11e2668040d1d56fc9ff613fbb2bc99258a01fa56df08ff4428701b931660ea5","0x9b8f30fb69e650d18c56800bfaf0be1aeba9adc57794da686be0e86bd9ac2e95","19","true","ok"
"20466","2025-11-14T10:20:03.000Z","0x083a6bf60847bb6b152e7711e12b9fd7a79e514bcc7e1a3b1d3f1d80704b16c9","0x8cbdb8f18632b276ba6fcf4ae8bf86f37f8499e1ef7df4e9e5c2e5d5d9ca80a2","38","true","ok"
"20466","2025-11-14T10:20:03.000Z","0xf7db728759260bba6d8d11a2a7798a9264f22b07c1cce06bc655d581b245d12c","0xd0169008dbee74b4faa44cd5e1db453d6649c914f171071f707c20677c9015c6","17","true","ok"
"20466","2025-11-14T10:20:03.000Z","0xfb9537dbbee396fc3e4f6afe2bde772f74314fb877508ebfd442213a88c931d9","0xd259f817960d591060cd3920c5d86b342672542cf8995b144ac13f22471b5e1a","9","true","ok"
"20466","2025-11-14T10:20:03.000Z","0xf4d967c000fb217a78e99425d00c7701dc47c8d35e6722854717d18e5476bfd9","0x51cc38c619fcdf7a1b6695ac3db7b03e00cbff56d8a2c4909001f0c0a2b42142","8","true","ok"
"20466","2025-11-14T10:20:03.000Z","0xe660ff27983fbe119fa7c88a85d4b7d9c9de7c2609b578d3a87b152963f3f077","0xf41ecf7ef44d442233d14ddaf9d5547800f400a158c0c82274e2bf0de909f648","24","true","ok"
"20466","2025-11-14T10:20:03.000Z","0x0490c3ec614f576d17f2fbb4d4e7465deef8cbd1ee25f3e701ff83148e3af241","0x49dabeee8c21979a49b6fdba2bc5c3f557b25b7c37e915250e13227819807961","24","true","ok"
"20466","2025-11-14T10:20:03.000Z","0x39ef6ff2f4e8145044af59e7035333b7494ae20845eba6c15acf2831601eedc4","0x96393a0a3239390ba527d52a7303580c9ec7c8d79502dcb02fda1205114de6c8","19","true","ok"
"20466","2025-11-14T10:20:03.000Z","0xc53a4abc95a4edddda7e5ae04517a52c6b25dc6b668656c5facd675293a14007","0x94c0e93eb17b223901d03e910e47cd34da2d06d763f805b0a9e75776388a684b","1","true","ok"
"20466","2025-11-14T10:20:03.000Z","0x61110382a01cf750de21131d474ecf7ae3731c536c90adeea9705abe127aced7","0x76241fa22113d6675d84f9e855495725749a73c4d5d516e0a9f975bdd2235725","13","true","ok"
"20466","2025-11-14T10:20:03.000Z","0x81068f5c5a9e3e0d777994b6ea454eb14d5e85a3decc7e4bc9e1c574c29c9a39","0x7bfef9a7606930e79f7dd7e8a69f4fff477c8e28e4f9b8c5b56a64783978709d","7","true","ok"
"20466","2025-11-14T10:20:03.000Z","0x53e17b57b8d1a66f2a8e7b1475507f8f4a73782426db0e2c7a64e8cffc097191","0x0156a0d525177ab6b2c85c93f3d3966dd54e175762e3bf485b4629127523918b","28","true","ok"
"20466","2025-11-14T10:20:03.000Z","0x7745b7feb6f15e6981f0e9c013b843c473cf180061763f6b28701276a6e4e7c4","0xd33d7d80953e8e06cd7215963759a41def76be6695530b1fd2cefc9c0702564c","37","true","ok"
"20466","2025-11-14T10:20:03.000Z","0x422eda94babbf49d1108b5856e5208073ffdd2f5a6c26dbca9333ca0cf495973","0x5100d0f7ea73d9bcd30de56dfab05dbf753c0c2e94d99fc81dee73402388d03d","32","true","ok"
"20466","2025-11-14T10:20:03.000Z","0xfaa134e08b9cdb404ce4a1ee9114dbee440ebcc03bb144ed621af4aab001eeae","0x46b9d799aacd3cd4f15a5bf8ae6feca97b977440c7ecc7961c2f3135a4746446","7","true","ok"
"20466","2025-11-14T10:20:03.000Z","0x7c72ac51181de59ec748730082504835df21d54a75a2dd0893264cb7d634112d","0x6f08f1d3e7a55ae05f8c570bbbc9fea90b4a4a24ad66812a91d9f7213c9dd11c","30","true","ok"
"20466","2025-11-14T10:20:03.000Z","0x9386da630bbc015d7e11c08428613e9f1e9cabad97e59b09a2ac86fb0f67c76b","0x586ee841f51d1c89c88d77b46ea8de53fa2242ce7bcc902b7674d1ee4c1dfa06","21","true","ok"
"20466","2025-11-14T10:20:03.000Z","0xa40a4a2052b0fa72ad6cc5ab0d0b1a407ba37a753940165fcdb8a1df861f3f4a","0x1696ff96590ddba4c6452c438f368b690a10913a9950da56fe700a090df2e017","25","true","ok"
"20466","2025-11-14T10:20:03.000Z","0x802c104d4a16a35c720b462389f62ca2a09e511ce6eb838e859d6b559e3566eb","0xa1ec7e43817e847af2fc743ac2f16a3d891a9fe3c2834c43d39cd154b1eaf798","9","true","ok"
"20466","2025-11-14T10:20:03.000Z","0xdec9c201af7499ed1ef2a031ee213f91ed0cfa732bbcf4aab2304f8b25325c64","0xdf08b6ae44048d368bcee95725ef3cce9cf324e6a1048962ad287474be3ff748","32","true","ok"
"20466","2025-11-14T10:20:03.000Z","0x404e454fb1238d4b839df519bcc97816eed4f4261bb3508b837c84b343359ecf","0xdb5a15832533782de8a89822889006ebaf71474bda130b49d9efad6003918dfd","37","true","ok"
"20466","2025-11-14T10:20:03.000Z","0x2676ebf9eb94669feee0789bf54f71da899536f471c46482bec8957630b4edb9","0x418e3d0571fae571133e95a6ec96c5ceb2bac7fca45931adc540868a9ed54883","7","true","ok"
"20466","2025-11-14T10:20:03.000Z","0xcae72d0c9ba7574ae8c8468caef793a48bec8138bd502e82ffa46d93f92fe440","0xe5c52f752df7cb231f9f8d3ebbcd668be9e3008db72cf0fc22eb6c8f329de60c","17","true","ok"
"20466","2025-11-14T10:20:03.000Z","0xca02f788ed86f075638561960c1c23d624dad9947beafbb5dedaff9297c699f9","0x8b21d9fb76b193d5e9c53af45bd65f3e30f242463845f6a36b2ada2ecb638d86","41","true","ok"
"20466","2025-11-14T10:20:03.000Z","0x096afe7a5bcb5a41edddac3c71bf7ca22eb6b6bae3fe93ad50a30bf5ebe88fca","0x9e1933d54c333124e08af1bb679480796c67674cf3e930ae35668a3d66899d07","19","true","ok"
"20466","2025-11-14T10:20:03.000Z","0xbba5dea49e44040b86fc311c4f39fc1d3e883d2440e67066b1b9c1057cbad50d","0xa4bb7320cb7b3406e13e98cd4b335166db08234e7290c0e816ffafcd9718dbd6","42","true","ok"
"20466","2025-11-14T10:20:03.000Z","0x10702c9409d6396fa736c900abd72f07af6c8810e212672cce81a28577bd6271","0x03393e0ab2075b8e92b806c1b45e623c5d3d090545582582523d7ca676e1995f","39","true","ok"
"20466","2025-11-14T10:20:03.000Z","0xb2ed8d3fc98bda9882afdc82bd1ef1151cca608625517a3bcf6fe4f348c18d69","0x8c2eccc24455061fd3b42990506214521365e4bc3651f6793d439a359b3b6549","42","true","ok"
"20466","2025-11-14T10:20:03.000Z","0x236f8d56d499254c51bbd3821352321ba8e62e2ed37c3f4a5c3eb03fde6e59bd","0xbdba32e2efbbc8c0d4031275a88a29f0510e2f8b7c510c95d9b7cc1998752aec","9","true","ok"
"20466","2025-11-14T10:20:03.000Z","0x3ca56dc03b904abc505741846c0b55dff6cbc4c389af9b8c94a1fcdc4b06da9a","0x48547f805b993ccdc38b589a27fb22ab7bb3e947cd88709c930c61fef994890c","39","true","ok"
"20466","2025-11-14T10:20:03.000Z","0x8ab088fb224f169a65641a283893526e4813d059fef668170ce306316d42dd5e","0xc5f346545b004a63fb406f77eeaac8b243ed46bc0089f7fb9a2083065ae97315","34","true","ok"
"20466","2025-11-14T10:20:03.000Z","0xec3537ebfb3065092892b41abd125cf4235325017f62b0904a75d3db8e817cac","0xfbb3eff7781ca78b1414815f48603d8401949b1f9d326e9cbfde68eed7321298","6","true","ok"
"20466","2025-11-14T10:20:03.000Z","0xf60cd5fb88cd2caeae5b16374e6acb6faba42a2f23bdc5586ffcbe97d5408d31","0x1d2bddc08f4723a8243738699fad340a3b6c520c2af6e42152118ede87fd130c","36","true","ok"
"20466","2025-11-14T10:20:03.000Z","0xdd0ca5cf31f94d259d4769a42471eb7d0555143c187b7d522152bc059dfa052b","0x3e70bdb47b0e825961d3cf9c297d38f7d45cb9d2f97c9bc7b23fd2612a13eeb8","8","true","ok"
"20466","2025-11-14T10:20:03.000Z","0x274431e2be42c45dd906933c13b02c9ba8b87cdf573ebcb83bca308d20ad60ce","0x2315c1fd485df0329d42bc5fb64026d25243f2d6106488dfdf9edcad7435b941","2","true","ok"
"20466","2025-11-14T10:20:03.000Z","0xefb92e17c7e7d2a18cdac7942acc31c074e44052f6f619701a474575b978eee9","0x81ef6c72bb56db4806d0c3248f35c848e29d7a7cc02d0d0f566f7b026f010681","37","true","ok"
"20466","2025-11-14T10:20:03.000Z","0xe60c46b30ffc05b07f602026022bff36098da5d0a014d9402b7b1d443554a008","0x5e24fba872828fe08eb13d418440f598af19912b15bdb515f70adac93218b2d4","20","true","ok"
"20466","2025-11-14T10:20:03.000Z","0x18d82406962aac7a82c212a1e0bd6f218464754f3f0f78f13c9c993b96d65ab6","0xe99826cb4c574d7af69a4275ff235c45dd11e7565bc5246544a9161b42084fba","22","true","ok"
"20466","2025-11-14T10:20:03.000Z","0x53e3fabe03956b4fbbbc5f88a86d9834a8d99a499a57539e52eab9da4469a542","0x3384626460eb44d823d9187800e98aac7ca776b0d6438d2b6c5d9d90cc22b3dc","13","true","ok"
"20466","2025-11-14T10:20:03.000Z","0x6df38789bea72def5405b296f056d59d29f3c1eea21222c09076ec9420eb5d72","0xb7773bc6d5dc2cee7de11c3049be044606944229a3d4dba06d4b8bf937cd031c","40","true","ok"
"20466","2025-11-14T10:20:03.000Z","0x928060424179e110a9811261da31390651d57b22f0e63e238e72417c911173e6","0x3f5e9cdb9de4f0e548d43f8899720e78c36e30d870d0f9243937d721efafe0fd","39","true","ok"
"20466","2025-11-14T10:20:03.000Z","0x23f414b75230d0d08da51485a03ae9e422ceabb54f78af9bea6b0261e30d223d","0x0ca1bcaecbf352154bd64e57161d20485ae05defd542684d4d8d529bda6cee05","40","true","ok"
"20466","2025-11-14T10:20:03.000Z","0x5c1286de5e125a6ca1b109964d01cfb2d2cce571a564499bbdc3a571674b6b08","0x60215c5354dffe821c064cd8b8faeadc927cc5b517b73010538fe1db132a43ab","31","true","ok"
"20466","2025-11-14T10:20:03.000Z","0x66abb49e5adf8626d76f7c57ecb99919fdcdc6fa6f58bca41c7e4fccc2ac6bf1","0xc8bc8b3624b91a3ddd546b62c092234e7428b7e4c6bb1dd42e095c2a8a539348","18","true","ok"
"20466","2025-11-14T10:20:03.000Z","0x3677e36e2f979abae671a77a06a6e26eaeb9b0fe741721c5a636a13b4e8ed014","0x0d446c53a7da371590e9c566f840e47c701bd24f20a6fe9c76e912b8d69e11c7","9","true","ok"
"20466","2025-11-14T10:20:03.000Z","0x5767ef891881e71af30a9ae1658cf1390b9031f63df12c07cf20cf721b6082be","0x3b347e290cc6de094f021ee94955196895503a836afa75ee1ad2a6a8d9a1c102","27","true","ok"
"20466","2025-11-14T10:20:03.000Z","0xe3e7cc0416b901146aa32dcc3b2cfe2796b08a63c762e26d1887c5d41c5b8a3e","0xcb246851236c5e1c4c069f6c3af13977d5ca814cb9685d27da5d0d3350236ac5","32","true","ok"
"20466","2025-11-14T10:20:03.000Z","0xb91adb1b32664ac6fbc0b6ba6516ac72c146dafea31f26199ae5627229d9c8b0","0xd66e688557362114f7178b434b999d5990437cb525ab07606f8e269b5b32b24f","10","true","ok"
"20466","2025-11-14T10:20:03.000Z","0xe031c95ffe788a6705f689579ff5d26b288f3b9feec2b678f9e8f15602f9bfff","0x07f003c9e36c3c2a4837c4097f85aa3ad38fa5c1cb033a611b736022ad6b2261","35","true","ok"
"20466","2025-11-14T10:20:03.000Z","0x5c7e0c6c33000b44049b8f5dc4478f1fa3f53a4a5314308f3650726e6360e047","0x4da76eb0231eed7f8fe0ef270bca9549869afbb5a532231fdf191305e4a859f6","17","true","ok"
"20466","2025-11-14T10:20:03.000Z","0x9278107ecde118f1eec199785a473e854ed2e9abdfa463b1ec9293f8cb88e086","0x4853d5fac5eb9736b4e3dda0a3f6ba9b0fe35c4be1c05f844cd68497e7213ab4","42","true","ok"
"20466","2025-11-14T10:20:03.000Z","0x1b79d7af51ab79731f4a0e1b86157b432b8b576d6e3dafbc0efdc2744eef24c3","0x1eee15fd48969fbe5aa73c1c777e526b2a7a1b797645ac555185087f9a5032fa","25","true","ok"
"20466","2025-11-14T10:20:03.000Z","0x6ba0f0ed2d78d7e46bfc211106b88d592094b116818c63ab06b3504e336c4e2c","0x4311f7a6bf1e66fa4b34fb5c3f99e3740492b09442dc3d282b62d43bf3931588","24","true","ok"
"20466","2025-11-14T10:20:03.000Z","0xfd7d2f2c97773be78b4609a5308950f4a9972bb719b9bc4ad91bcdfaba256b7d","0xdbcdd3da98e21ee4ad90e12bbdb3941b602e53b7eea79bafce5d6a456e5c41f2","35","true","ok"
"20466","2025-11-14T10:20:03.000Z","0x16ba1b27a1551be47ec3c1e844bd5b725078681fbe5ee00d8da2ca2e6305fef4","0xda8512809d69c488499658c1123a4d9400955112a26ebe6e8087486d43a00353","42","true","ok"
"20466","2025-11-14T10:20:03.000Z","0xa75a17021a319467598763bdd71d84b95422abc6c7615ec1db888e1b73b888ca","0x6810ed7c85ce4bf1f27151fbcf997d37e9d5a2e38d2ea7ad84fcca9064bf74f5","29","true","ok"
"20466","2025-11-14T10:20:03.000Z","0x9f23ed60235b09c233dd30b3a90c8dcc1b5fd8ec86d5f5f0820e6f7804154ecb","0x82f1fbcb6f8034ae806db1f8b28b011bc6b6aa5df97e74d4b713cae7bc688fb3","16","true","ok"
"20466","2025-11-14T10:20:03.000Z","0xdd1c6b3342e634974e32f7f43b88a056853b80ceec0434bfe84c3ff6f50f2cbf","0x6770bda9916af357d9d56fe3b4e92e361297eea571205304e8e0b1846c9627c1","25","true","ok"
"20466","2025-11-14T10:20:03.000Z","0xfe0133d73aaf874d5e9bf033baec5f5af159b67d4c0ffc21fe0be0382ce5b5dd","0x8e4c4dcb2db554c0ac28e7f5904f69ffc7ea65a33afa3a0da7283f5e719bb843","38","true","ok"
"20466","2025-11-14T10:20:03.000Z","0x9904c4588203d44a94b2c8fd3f08770cf50aea377e0080c81c7c9bb155f09d20","0x173461b1da806972192a5b47718019a092d6fdb8dde5b061f0f221f9722cf42e","29","true","ok"
"20466","2025-11-14T10:20:03.000Z","0x325a69b730f1e71ff9e99d4bb84ef24902573e61806e90b4e4d1bf07813284cc","0xcadca8f9fe14da97fa69db6824ce0e137639065bc83bb132b985db9def4e6a83","14","true","ok"
"20466","2025-11-14T10:20:03.000Z","0x08133c7184a7b287f0ad0ff0a86778a37b39a626b629bb05d9400c497ae9b445","0xee7ee2e49362538d5b373c94441ef26754c4c9578ce2c1c073497413bd4490d8","19","true","ok"
"20466","2025-11-14T10:20:03.000Z","0x90fc18bae4380c6eb4916542408816a5b0b7e2ea5763312649884dfa5833affb","0xa856902bd89f974c23267d5542801cb1af5f5ddb77a2e942665e03a5d68d2429","17","true","ok"
"20466","2025-11-14T10:20:03.000Z","0x9659b6489933770599ebc408129c835b664b9035be2dcf848bba296729b0bb0b","0x7199a77fb8772417223defc695b2de725452ca9582c2c3cb28dc746baef6d712","30","true","ok"
"20466","2025-11-14T10:20:03.000Z","0x04fea32da175a31efac80da69607d26aa628ebf191c194cb5723a0554db3b133","0xcb9df01fb1d7432e9ab2c57b488690ef059b8f3067685bc62c146d77300606a5","12","true","ok"
"20466","2025-11-14T10:20:03.000Z","0xf1101ef05f475e4d618f4384d7c617c0f904b49b47671d789b384fcf51d102b8","0xbcd95957c2d916ba395b3235a563385ea85df1340b27bddbdeeeec3d7ecb4a25","14","true","ok"
"20466","2025-11-14T10:20:03.000Z","0x9a21555a2873dc001f982495be7af45823d5151e102b7d25d163acc03055565d","0x9dd692e4ceebcb099f8a8cd23793b2111f5d77b25223d939f5a59e64a8137293","7","true","ok"
"20466","2025-11-14T10:20:03.000Z","0xc872b03358e5670f529004ff1310a6532ef8550f2952c060011c4e2f6c7c7928","0x0aa596b3b53b3da672f4fe159db88073e2121b8234335bf0d8ebe525fb420999","31","true","ok"
"20466","2025-11-14T10:20:03.000Z","0xbdee852d089bdb66a18f162afefeae9faade005a0d4b2c9f94c78eaef3b1f9c6","0x813f387ad58ed36314d54dd691e240717079106aa0ae74db800cadee8964a653","14","true","ok"
"20466","2025-11-14T10:20:03.000Z","0x8cf2a933157ec08cd0863e21bd77d02c645a164007c6507b7ed7a5b06edcbb20","0x1fdf719897405ed5c311cdde83efc52b4102a361c75e3821e9ad8b7c566e4117","19","true","ok"
"20466","2025-11-14T10:20:03.000Z","0x1ef2cb02fa0df29f7c63259945390e4e3cc15b0dc035b1233ffff19fd8b0014e","0x521c880755b34cddee55c512f2bb1cd5e3c317f4fb7c6228123cf8f6f8ade9ae","37","true","ok"
"20466","2025-11-14T10:20:03.000Z","0xd08a590698b9d01d12ddc0efc4b99116bd7cbd4bdcc8457995f152e0bd0773be","0xf39eaa52ca1a28c8200ce325122c586ef3065b66dd855beb7326514e5ef916de","41","true","ok"
"20466","2025-11-14T10:20:03.000Z","0x4eb3a7acfb433543e48be6bf8c4e91f77b43b9a7764f3d2532cc488fd1305b32","0x10d7c36219469e4b923860e23208d1282796d28a2411ba81b1ff9ba6cb8aee3c","1","true","ok"
"20466","2025-11-14T10:20:03.000Z","0x659f1da373861d2e49d5849ce5afa97fd58b389cf8160dcff430c0c73fb8257a","0x65c9c3e7633967dac28917db434035484448abb433066a44e414b5d8a3d66f08","20","true","ok"
"20466","2025-11-14T10:20:03.000Z","0x8fe48eebd12ef957960a71dee409ade1bc52bf514cf13392ec15abc620565875","0xc8a11528bef8c5a4274885f5158f6742d8850929f5c6d7f83a81dd09051515e5","41","true","ok"
"20466","2025-11-14T10:20:03.000Z","0x865f860b65449dc3a8de272ab3f02386730eb7db5be1fd25b22d0e62f59a4bf5","0xe34c573ad16a3b808d67f8ad1fed922f5a77ff14aa78091abc105a241dbab7f3","14","true","ok"
"20466","2025-11-14T10:20:03.000Z","0x6a599384e6241504d9445000cf1f9c7f9e072bd2afa13c1495eb26986a4ca16d","0x8fa0afdba56d3490f3f31c960e1092119e09ce6f8cf194abd59b2e442a700429","17","true","ok"
"20466","2025-11-14T10:20:03.000Z","0xea1f97eb739e3628ca66364e0e65da845ae42cba02822cb6a5da2803b7fef4b8","0xe418312aadedd189eca4c0e4fcb6641f28c8d11f8da9893ebaad3d4bc89afa52","20","true","ok"
"20466","2025-11-14T10:20:03.000Z","0x0c46ffcf704309bdbfcc5678fbb3a48b30b22334e4a9e80b2c22608819af608f","0x55572f0aa283a2a1f1f76567ecbe9b7ef0203aa3a289753c159a97c87c713a09","36","true","ok"
"20466","2025-11-14T10:20:03.000Z","0x6d67ae9126a254a6d7cfbb512f1f6d6e5224fc8d32c04772a8c5404a898aaabe","0x68d74e2ea33bc7f30fdba95540a1327b73912344331ae7e92ccd4c32830587da","42","true","ok"
"20466","2025-11-14T10:20:03.000Z","0xe0e282d2edfa783ae2d2ba25cf28e94037e154e268c848ed447d40987b1890ac","0x7c87f3d2bff082fe37f9ec6a905b13522024850989a7b205e09e9d1dad2870c5","32","true","ok"
"20466","2025-11-14T10:20:03.000Z","0xe8868bce62c82908c7822e385cfd9ad5013de8ecf018dd2680cbe858355c6ae9","0xd26906a092288181730feb6949efef28ce9c0212771c4545aa2f38ce8eec2e64","3","true","ok"
"20466","2025-11-14T10:20:03.000Z","0xb81e85ff03ab9857e39648d6ffcf3bdda58c6e16be51d207cef857fc84a0c483","0xb61eb7dd4dcb805ecefc17c544b50e67bf3a1d19cf8106d528f046dc4953ba0a","15","true","ok"
"20466","2025-11-14T10:20:03.000Z","0x9a3cb3fab0e718613b894a05e6d1b0fe7fa828e04cf57634b898f1739cd79c20","0xd06398acc826ac2a9b37cab2a8c1e3dd3220fcaa39b1cc6d47d837b77deca6b7","22","true","ok"
"20466","2025-11-14T10:20:03.000Z","0x4e1c1d24eb172e700117d1b8983efa12c07f9369af68718382b49089eee780be","0x3b9021d7467f35f47e99223c28fc060fcaf94f2795566772f62c5030267e3c16","37","true","ok"
"20466","2025-11-14T10:20:03.000Z","0x6c05d43e59393107f3452ae69555ea41681b86dfe40482563bf4f7881294ff6d","0x49e22c79fe3832c0c6badcdd48cab103b9f00062aa28d5b67486fc53e9b36626","22","true","ok"
"20466","2025-11-14T10:20:03.000Z","0x91a192fd8c8a87bfac61b86e35f230dd07e1aa123c6822a41f811cc8d6efb9fc","0x9400d278d636be6bf29bd0827827809e2e7300556aa796514ff90f033e30e948","42","true","ok"
"20466","2025-11-14T10:20:03.000Z","0x3c755e90ca4081823f5f2391b5f8a6ba89bc83c00d26237fadb8c21a60a171ce","0x99b3851f95a183772d39fee1a38597192c5f95d8c8124dcafd70ab25f303543f","23","true","ok"
"20466","2025-11-14T10:20:03.000Z","0xf5c4b4400683ebebbd129765bcab1cc2e75c5b04d2a2e5bd371fc6e3bf46d54a","0x664a3788701a3d2b6431d2b8dccf810003e7c5fd027b3b58fcbd2eb4fb1881ed","34","true","ok"
"20466","2025-11-14T10:20:03.000Z","0xcf2f28142d50344d3f2fe24522297ce268e1184a88d9379e899fe85b13c88305","0xe0ce10eb075c4874bc2fb016ff55bad61bc0618b79091033ba50ccdbdf596f65","40","true","ok"
"20466","2025-11-14T10:20:03.000Z","0x8f3ac758cf4c2ea8a116e0cc11af967eb8d410820acd72a6b96220ab98052281","0xd6cbd54cf3fb2f3746aac7f3d9b027ab8b6981bbd2f374e5296c7a313d93fb74","11","true","ok"
"20466","2025-11-14T10:20:03.000Z","0xad04a34af65f4f4fc1b62d2f73e25be66c8ab5cf4f3b82be7cac2b7293c48a53","0x5cfc8df5e41dbc9215a10dcb9747cfaf1e74054b580fb1cbb10954f02c5d9e02","18","true","ok"
"20466","2025-11-14T10:20:03.000Z","0x070381fe7b053b271124b6dd42255ab5149d62471c7119cb48e57cd3e45618f8","0xe54d084f35b34c5899e108bfdf7e4fe94d0996b72f270c986cb9e23d5b823e3d","15","true","ok"
"20466","2025-11-14T10:20:03.000Z","0x2d665f2405bbb8d607cc74edfd73de16f0ca4343bd10bbe4d2b0b1b71a2b1aac","0xab4928cb23049ec2c9b3d7198241abc13a4dd510ebcb48d3c8ecb9489754ce4b","39","true","ok"
"20466","2025-11-14T10:20:03.000Z","0xbcaa9dfc6f7f4687a7d73bc94b84da8d843e6b0d0ce3c5b1b664566bb79e0f2a","0xdea4997869c27e2e89d6109d1fad28046074862ae8baefc8b6bb41119f11be57","5","true","ok"
"20466","2025-11-14T10:20:03.000Z","0x61a68e6a3a1250985549632ba3f846b7269fe3b27959e5f7665bac1695550bf1","0x050a93ebb06bc6ac8b44389506dadcfdd5143d5b467b18980336e6eebf3aa5df","31","true","ok"